Timing Analyzer report for seq_101
Tue Apr  7 11:13:17 2026
Quartus Prime Version 25.1std.0 Build 1129 10/21/2025 SC Lite Edition


---------------------
; Table of Contents ;
---------------------
  1. Legal Notice
  2. Timing Analyzer Summary
  3. Parallel Compilation
  4. Clocks
  5. Slow 1200mV 85C Model Fmax Summary
  6. Timing Closure Recommendations
  7. Slow 1200mV 85C Model Setup Summary
  8. Slow 1200mV 85C Model Hold Summary
  9. Slow 1200mV 85C Model Recovery Summary
 10. Slow 1200mV 85C Model Removal Summary
 11. Slow 1200mV 85C Model Minimum Pulse Width Summary
 12. Slow 1200mV 85C Model Setup: 'clkIn'
 13. Slow 1200mV 85C Model Setup: 'clk_div:clk_div_inst|clkOut'
 14. Slow 1200mV 85C Model Hold: 'clk_div:clk_div_inst|clkOut'
 15. Slow 1200mV 85C Model Hold: 'clkIn'
 16. Slow 1200mV 85C Model Metastability Summary
 17. Slow 1200mV 0C Model Fmax Summary
 18. Slow 1200mV 0C Model Setup Summary
 19. Slow 1200mV 0C Model Hold Summary
 20. Slow 1200mV 0C Model Recovery Summary
 21. Slow 1200mV 0C Model Removal Summary
 22. Slow 1200mV 0C Model Minimum Pulse Width Summary
 23. Slow 1200mV 0C Model Setup: 'clkIn'
 24. Slow 1200mV 0C Model Setup: 'clk_div:clk_div_inst|clkOut'
 25. Slow 1200mV 0C Model Hold: 'clk_div:clk_div_inst|clkOut'
 26. Slow 1200mV 0C Model Hold: 'clkIn'
 27. Slow 1200mV 0C Model Metastability Summary
 28. Fast 1200mV 0C Model Setup Summary
 29. Fast 1200mV 0C Model Hold Summary
 30. Fast 1200mV 0C Model Recovery Summary
 31. Fast 1200mV 0C Model Removal Summary
 32. Fast 1200mV 0C Model Minimum Pulse Width Summary
 33. Fast 1200mV 0C Model Setup: 'clkIn'
 34. Fast 1200mV 0C Model Setup: 'clk_div:clk_div_inst|clkOut'
 35. Fast 1200mV 0C Model Hold: 'clk_div:clk_div_inst|clkOut'
 36. Fast 1200mV 0C Model Hold: 'clkIn'
 37. Fast 1200mV 0C Model Metastability Summary
 38. Multicorner Timing Analysis Summary
 39. Board Trace Model Assignments
 40. Input Transition Times
 41. Signal Integrity Metrics (Slow 1200mv 0c Model)
 42. Signal Integrity Metrics (Slow 1200mv 85c Model)
 43. Signal Integrity Metrics (Fast 1200mv 0c Model)
 44. Setup Transfers
 45. Hold Transfers
 46. Report TCCS
 47. Report RSKM
 48. Unconstrained Paths Summary
 49. Clock Status Summary
 50. Unconstrained Input Ports
 51. Unconstrained Output Ports
 52. Unconstrained Input Ports
 53. Unconstrained Output Ports
 54. Timing Analyzer Messages



----------------
; Legal Notice ;
----------------
Copyright (C) 2025  Altera Corporation. All rights reserved.
Your use of Altera Corporation's design tools, logic functions 
and other software and tools, and any partner logic 
functions, and any output files from any of the foregoing 
(including device programming or simulation files), and any 
associated documentation or information are expressly subject 
to the terms and conditions of the Altera Program License 
Subscription Agreement, the Altera Quartus Prime License Agreement,
the Altera IP License Agreement, or other applicable license
agreement, including, without limitation, that your use is for
the sole purpose of programming logic devices manufactured by
Altera and sold by Altera or its authorized distributors.  Please
refer to the Altera Software License Subscription Agreements 
on the Quartus Prime software download page.



+---------------------------------------------------------------------------------+
; Timing Analyzer Summary                                                         ;
+-----------------------+---------------------------------------------------------+
; Quartus Prime Version ; Version 25.1std.0 Build 1129 10/21/2025 SC Lite Edition ;
; Timing Analyzer       ; Legacy Timing Analyzer                                  ;
; Revision Name         ; seq_101                                                 ;
; Device Family         ; Cyclone IV E                                            ;
; Device Name           ; EP4CE115F29C7                                           ;
; Timing Models         ; Final                                                   ;
; Delay Model           ; Combined                                                ;
; Rise/Fall Delays      ; Enabled                                                 ;
+-----------------------+---------------------------------------------------------+


+------------------------------------------+
; Parallel Compilation                     ;
+----------------------------+-------------+
; Processors                 ; Number      ;
+----------------------------+-------------+
; Number detected on machine ; 8           ;
; Maximum allowed            ; 4           ;
;                            ;             ;
; Average used               ; 1.01        ;
; Maximum used               ; 4           ;
;                            ;             ;
; Usage by Processor         ; % Time Used ;
;     Processor 1            ; 100.0%      ;
;     Processors 2-4         ;   0.3%      ;
+----------------------------+-------------+


+--------------------------------------------------------------------------------------------------------------------------------------------------------------------------------------------------------------------------+
; Clocks                                                                                                                                                                                                                   ;
+-----------------------------+------+--------+------------+-------+-------+------------+-----------+-------------+-------+--------+-----------+------------+----------+--------+--------+---------------------------------+
; Clock Name                  ; Type ; Period ; Frequency  ; Rise  ; Fall  ; Duty Cycle ; Divide by ; Multiply by ; Phase ; Offset ; Edge List ; Edge Shift ; Inverted ; Master ; Source ; Targets                         ;
+-----------------------------+------+--------+------------+-------+-------+------------+-----------+-------------+-------+--------+-----------+------------+----------+--------+--------+---------------------------------+
; clk_div:clk_div_inst|clkOut ; Base ; 1.000  ; 1000.0 MHz ; 0.000 ; 0.500 ;            ;           ;             ;       ;        ;           ;            ;          ;        ;        ; { clk_div:clk_div_inst|clkOut } ;
; clkIn                       ; Base ; 1.000  ; 1000.0 MHz ; 0.000 ; 0.500 ;            ;           ;             ;       ;        ;           ;            ;          ;        ;        ; { clkIn }                       ;
+-----------------------------+------+--------+------------+-------+-------+------------+-----------+-------------+-------+--------+-----------+------------+----------+--------+--------+---------------------------------+


+-----------------------------------------------------------------------------------------------------------------------------+
; Slow 1200mV 85C Model Fmax Summary                                                                                          ;
+-------------+-----------------+-----------------------------+---------------------------------------------------------------+
; Fmax        ; Restricted Fmax ; Clock Name                  ; Note                                                          ;
+-------------+-----------------+-----------------------------+---------------------------------------------------------------+
; 268.96 MHz  ; 250.0 MHz       ; clkIn                       ; limit due to minimum period restriction (max I/O toggle rate) ;
; 1102.54 MHz ; 437.64 MHz      ; clk_div:clk_div_inst|clkOut ; limit due to minimum period restriction (tmin)                ;
+-------------+-----------------+-----------------------------+---------------------------------------------------------------+
This panel reports FMAX for every clock in the design, regardless of the user-specified clock periods.  FMAX is only computed for paths where the source and destination registers or ports are driven by the same clock.  Paths of different clocks, including generated clocks, are ignored.  For paths between a clock and its inversion, FMAX is computed as if the rising and falling edges are scaled along with FMAX, such that the duty cycle (in terms of a percentage) is maintained. Altera recommends that you always use clock constraints and other slack reports for sign-off analysis.


----------------------------------
; Timing Closure Recommendations ;
----------------------------------
HTML report is unavailable in plain text report export.


+------------------------------------------------------+
; Slow 1200mV 85C Model Setup Summary                  ;
+-----------------------------+--------+---------------+
; Clock                       ; Slack  ; End Point TNS ;
+-----------------------------+--------+---------------+
; clkIn                       ; -2.718 ; -65.780       ;
; clk_div:clk_div_inst|clkOut ; 0.093  ; 0.000         ;
+-----------------------------+--------+---------------+


+-----------------------------------------------------+
; Slow 1200mV 85C Model Hold Summary                  ;
+-----------------------------+-------+---------------+
; Clock                       ; Slack ; End Point TNS ;
+-----------------------------+-------+---------------+
; clk_div:clk_div_inst|clkOut ; 0.444 ; 0.000         ;
; clkIn                       ; 0.640 ; 0.000         ;
+-----------------------------+-------+---------------+


------------------------------------------
; Slow 1200mV 85C Model Recovery Summary ;
------------------------------------------
No paths to report.


-----------------------------------------
; Slow 1200mV 85C Model Removal Summary ;
-----------------------------------------
No paths to report.


+------------------------------------------------------+
; Slow 1200mV 85C Model Minimum Pulse Width Summary    ;
+-----------------------------+--------+---------------+
; Clock                       ; Slack  ; End Point TNS ;
+-----------------------------+--------+---------------+
; clkIn                       ; -3.000 ; -46.690       ;
; clk_div:clk_div_inst|clkOut ; -1.285 ; -3.855        ;
+-----------------------------+--------+---------------+


+------------------------------------------------------------------------------------------------------------------------------------------------------+
; Slow 1200mV 85C Model Setup: 'clkIn'                                                                                                                 ;
+--------+-----------------------------------+-----------------------------------+--------------+-------------+--------------+------------+------------+
; Slack  ; From Node                         ; To Node                           ; Launch Clock ; Latch Clock ; Relationship ; Clock Skew ; Data Delay ;
+--------+-----------------------------------+-----------------------------------+--------------+-------------+--------------+------------+------------+
; -2.718 ; clk_div:clk_div_inst|tick_cnt[1]  ; clk_div:clk_div_inst|tick_cnt[20] ; clkIn        ; clkIn       ; 1.000        ; -0.080     ; 3.636      ;
; -2.697 ; clk_div:clk_div_inst|tick_cnt[0]  ; clk_div:clk_div_inst|tick_cnt[21] ; clkIn        ; clkIn       ; 1.000        ; -0.080     ; 3.615      ;
; -2.696 ; clk_div:clk_div_inst|tick_cnt[0]  ; clk_div:clk_div_inst|tick_cnt[31] ; clkIn        ; clkIn       ; 1.000        ; -0.082     ; 3.612      ;
; -2.684 ; clk_div:clk_div_inst|tick_cnt[1]  ; clk_div:clk_div_inst|tick_cnt[30] ; clkIn        ; clkIn       ; 1.000        ; -0.082     ; 3.600      ;
; -2.673 ; clk_div:clk_div_inst|tick_cnt[1]  ; clk_div:clk_div_inst|tick_cnt[21] ; clkIn        ; clkIn       ; 1.000        ; -0.080     ; 3.591      ;
; -2.665 ; clk_div:clk_div_inst|tick_cnt[1]  ; clk_div:clk_div_inst|tick_cnt[31] ; clkIn        ; clkIn       ; 1.000        ; -0.082     ; 3.581      ;
; -2.660 ; clk_div:clk_div_inst|tick_cnt[1]  ; clk_div:clk_div_inst|tick_cnt[26] ; clkIn        ; clkIn       ; 1.000        ; 0.336      ; 3.994      ;
; -2.628 ; clk_div:clk_div_inst|tick_cnt[0]  ; clk_div:clk_div_inst|tick_cnt[20] ; clkIn        ; clkIn       ; 1.000        ; -0.080     ; 3.546      ;
; -2.600 ; clk_div:clk_div_inst|tick_cnt[18] ; clk_div:clk_div_inst|tick_cnt[20] ; clkIn        ; clkIn       ; 1.000        ; -0.078     ; 3.520      ;
; -2.599 ; clk_div:clk_div_inst|tick_cnt[18] ; clk_div:clk_div_inst|tick_cnt[21] ; clkIn        ; clkIn       ; 1.000        ; -0.078     ; 3.519      ;
; -2.594 ; clk_div:clk_div_inst|tick_cnt[0]  ; clk_div:clk_div_inst|tick_cnt[30] ; clkIn        ; clkIn       ; 1.000        ; -0.082     ; 3.510      ;
; -2.592 ; clk_div:clk_div_inst|tick_cnt[20] ; clk_div:clk_div_inst|tick_cnt[20] ; clkIn        ; clkIn       ; 1.000        ; -0.080     ; 3.510      ;
; -2.590 ; clk_div:clk_div_inst|tick_cnt[20] ; clk_div:clk_div_inst|tick_cnt[21] ; clkIn        ; clkIn       ; 1.000        ; -0.080     ; 3.508      ;
; -2.585 ; clk_div:clk_div_inst|tick_cnt[3]  ; clk_div:clk_div_inst|tick_cnt[20] ; clkIn        ; clkIn       ; 1.000        ; -0.080     ; 3.503      ;
; -2.570 ; clk_div:clk_div_inst|tick_cnt[0]  ; clk_div:clk_div_inst|tick_cnt[26] ; clkIn        ; clkIn       ; 1.000        ; 0.336      ; 3.904      ;
; -2.566 ; clk_div:clk_div_inst|tick_cnt[2]  ; clk_div:clk_div_inst|tick_cnt[21] ; clkIn        ; clkIn       ; 1.000        ; -0.080     ; 3.484      ;
; -2.565 ; clk_div:clk_div_inst|tick_cnt[2]  ; clk_div:clk_div_inst|tick_cnt[31] ; clkIn        ; clkIn       ; 1.000        ; -0.082     ; 3.481      ;
; -2.564 ; clk_div:clk_div_inst|tick_cnt[0]  ; clk_div:clk_div_inst|tick_cnt[29] ; clkIn        ; clkIn       ; 1.000        ; -0.082     ; 3.480      ;
; -2.554 ; clk_div:clk_div_inst|tick_cnt[20] ; clk_div:clk_div_inst|clkOut2      ; clkIn        ; clkIn       ; 1.000        ; -0.077     ; 3.475      ;
; -2.554 ; clk_div:clk_div_inst|tick_cnt[20] ; clk_div:clk_div_inst|clkOut       ; clkIn        ; clkIn       ; 1.000        ; -0.077     ; 3.475      ;
; -2.552 ; clk_div:clk_div_inst|tick_cnt[1]  ; clk_div:clk_div_inst|tick_cnt[28] ; clkIn        ; clkIn       ; 1.000        ; -0.082     ; 3.468      ;
; -2.551 ; clk_div:clk_div_inst|tick_cnt[3]  ; clk_div:clk_div_inst|tick_cnt[30] ; clkIn        ; clkIn       ; 1.000        ; -0.082     ; 3.467      ;
; -2.540 ; clk_div:clk_div_inst|tick_cnt[3]  ; clk_div:clk_div_inst|tick_cnt[21] ; clkIn        ; clkIn       ; 1.000        ; -0.080     ; 3.458      ;
; -2.533 ; clk_div:clk_div_inst|tick_cnt[18] ; clk_div:clk_div_inst|clkOut2      ; clkIn        ; clkIn       ; 1.000        ; -0.075     ; 3.456      ;
; -2.533 ; clk_div:clk_div_inst|tick_cnt[18] ; clk_div:clk_div_inst|clkOut       ; clkIn        ; clkIn       ; 1.000        ; -0.075     ; 3.456      ;
; -2.533 ; clk_div:clk_div_inst|tick_cnt[1]  ; clk_div:clk_div_inst|tick_cnt[29] ; clkIn        ; clkIn       ; 1.000        ; -0.082     ; 3.449      ;
; -2.532 ; clk_div:clk_div_inst|tick_cnt[3]  ; clk_div:clk_div_inst|tick_cnt[31] ; clkIn        ; clkIn       ; 1.000        ; -0.082     ; 3.448      ;
; -2.527 ; clk_div:clk_div_inst|tick_cnt[3]  ; clk_div:clk_div_inst|tick_cnt[26] ; clkIn        ; clkIn       ; 1.000        ; 0.336      ; 3.861      ;
; -2.497 ; clk_div:clk_div_inst|tick_cnt[2]  ; clk_div:clk_div_inst|tick_cnt[20] ; clkIn        ; clkIn       ; 1.000        ; -0.080     ; 3.415      ;
; -2.494 ; clk_div:clk_div_inst|tick_cnt[8]  ; clk_div:clk_div_inst|tick_cnt[20] ; clkIn        ; clkIn       ; 1.000        ; -0.080     ; 3.412      ;
; -2.492 ; clk_div:clk_div_inst|tick_cnt[8]  ; clk_div:clk_div_inst|tick_cnt[21] ; clkIn        ; clkIn       ; 1.000        ; -0.080     ; 3.410      ;
; -2.471 ; clk_div:clk_div_inst|tick_cnt[6]  ; clk_div:clk_div_inst|tick_cnt[21] ; clkIn        ; clkIn       ; 1.000        ; -0.082     ; 3.387      ;
; -2.470 ; clk_div:clk_div_inst|tick_cnt[6]  ; clk_div:clk_div_inst|tick_cnt[31] ; clkIn        ; clkIn       ; 1.000        ; -0.084     ; 3.384      ;
; -2.463 ; clk_div:clk_div_inst|tick_cnt[2]  ; clk_div:clk_div_inst|tick_cnt[30] ; clkIn        ; clkIn       ; 1.000        ; -0.082     ; 3.379      ;
; -2.462 ; clk_div:clk_div_inst|tick_cnt[0]  ; clk_div:clk_div_inst|tick_cnt[28] ; clkIn        ; clkIn       ; 1.000        ; -0.082     ; 3.378      ;
; -2.461 ; clk_div:clk_div_inst|tick_cnt[7]  ; clk_div:clk_div_inst|tick_cnt[20] ; clkIn        ; clkIn       ; 1.000        ; -0.082     ; 3.377      ;
; -2.456 ; clk_div:clk_div_inst|tick_cnt[8]  ; clk_div:clk_div_inst|clkOut2      ; clkIn        ; clkIn       ; 1.000        ; -0.077     ; 3.377      ;
; -2.456 ; clk_div:clk_div_inst|tick_cnt[8]  ; clk_div:clk_div_inst|clkOut       ; clkIn        ; clkIn       ; 1.000        ; -0.077     ; 3.377      ;
; -2.453 ; clk_div:clk_div_inst|tick_cnt[5]  ; clk_div:clk_div_inst|tick_cnt[20] ; clkIn        ; clkIn       ; 1.000        ; -0.080     ; 3.371      ;
; -2.445 ; clk_div:clk_div_inst|tick_cnt[21] ; clk_div:clk_div_inst|tick_cnt[20] ; clkIn        ; clkIn       ; 1.000        ; -0.080     ; 3.363      ;
; -2.443 ; clk_div:clk_div_inst|tick_cnt[21] ; clk_div:clk_div_inst|tick_cnt[21] ; clkIn        ; clkIn       ; 1.000        ; -0.080     ; 3.361      ;
; -2.439 ; clk_div:clk_div_inst|tick_cnt[2]  ; clk_div:clk_div_inst|tick_cnt[26] ; clkIn        ; clkIn       ; 1.000        ; 0.336      ; 3.773      ;
; -2.435 ; clk_div:clk_div_inst|tick_cnt[0]  ; clk_div:clk_div_inst|tick_cnt[19] ; clkIn        ; clkIn       ; 1.000        ; -0.080     ; 3.353      ;
; -2.435 ; clk_div:clk_div_inst|tick_cnt[1]  ; clk_div:clk_div_inst|tick_cnt[22] ; clkIn        ; clkIn       ; 1.000        ; 0.336      ; 3.769      ;
; -2.435 ; clk_div:clk_div_inst|tick_cnt[4]  ; clk_div:clk_div_inst|tick_cnt[21] ; clkIn        ; clkIn       ; 1.000        ; -0.080     ; 3.353      ;
; -2.434 ; clk_div:clk_div_inst|tick_cnt[4]  ; clk_div:clk_div_inst|tick_cnt[31] ; clkIn        ; clkIn       ; 1.000        ; -0.082     ; 3.350      ;
; -2.433 ; clk_div:clk_div_inst|tick_cnt[2]  ; clk_div:clk_div_inst|tick_cnt[29] ; clkIn        ; clkIn       ; 1.000        ; -0.082     ; 3.349      ;
; -2.427 ; clk_div:clk_div_inst|tick_cnt[7]  ; clk_div:clk_div_inst|tick_cnt[30] ; clkIn        ; clkIn       ; 1.000        ; -0.084     ; 3.341      ;
; -2.419 ; clk_div:clk_div_inst|tick_cnt[5]  ; clk_div:clk_div_inst|tick_cnt[30] ; clkIn        ; clkIn       ; 1.000        ; -0.082     ; 3.335      ;
; -2.419 ; clk_div:clk_div_inst|tick_cnt[3]  ; clk_div:clk_div_inst|tick_cnt[28] ; clkIn        ; clkIn       ; 1.000        ; -0.082     ; 3.335      ;
; -2.417 ; clk_div:clk_div_inst|tick_cnt[20] ; clk_div:clk_div_inst|tick_cnt[6]  ; clkIn        ; clkIn       ; 1.000        ; -0.077     ; 3.338      ;
; -2.417 ; clk_div:clk_div_inst|tick_cnt[29] ; clk_div:clk_div_inst|tick_cnt[20] ; clkIn        ; clkIn       ; 1.000        ; -0.078     ; 3.337      ;
; -2.416 ; clk_div:clk_div_inst|tick_cnt[7]  ; clk_div:clk_div_inst|tick_cnt[21] ; clkIn        ; clkIn       ; 1.000        ; -0.082     ; 3.332      ;
; -2.416 ; clk_div:clk_div_inst|tick_cnt[29] ; clk_div:clk_div_inst|tick_cnt[21] ; clkIn        ; clkIn       ; 1.000        ; -0.078     ; 3.336      ;
; -2.415 ; clk_div:clk_div_inst|tick_cnt[20] ; clk_div:clk_div_inst|tick_cnt[7]  ; clkIn        ; clkIn       ; 1.000        ; -0.077     ; 3.336      ;
; -2.408 ; clk_div:clk_div_inst|tick_cnt[5]  ; clk_div:clk_div_inst|tick_cnt[21] ; clkIn        ; clkIn       ; 1.000        ; -0.080     ; 3.326      ;
; -2.408 ; clk_div:clk_div_inst|tick_cnt[7]  ; clk_div:clk_div_inst|tick_cnt[31] ; clkIn        ; clkIn       ; 1.000        ; -0.084     ; 3.322      ;
; -2.407 ; clk_div:clk_div_inst|tick_cnt[21] ; clk_div:clk_div_inst|clkOut2      ; clkIn        ; clkIn       ; 1.000        ; -0.077     ; 3.328      ;
; -2.407 ; clk_div:clk_div_inst|tick_cnt[21] ; clk_div:clk_div_inst|clkOut       ; clkIn        ; clkIn       ; 1.000        ; -0.077     ; 3.328      ;
; -2.403 ; clk_div:clk_div_inst|tick_cnt[7]  ; clk_div:clk_div_inst|tick_cnt[26] ; clkIn        ; clkIn       ; 1.000        ; 0.334      ; 3.735      ;
; -2.401 ; clk_div:clk_div_inst|tick_cnt[31] ; clk_div:clk_div_inst|tick_cnt[20] ; clkIn        ; clkIn       ; 1.000        ; -0.078     ; 3.321      ;
; -2.400 ; clk_div:clk_div_inst|tick_cnt[5]  ; clk_div:clk_div_inst|tick_cnt[31] ; clkIn        ; clkIn       ; 1.000        ; -0.082     ; 3.316      ;
; -2.400 ; clk_div:clk_div_inst|tick_cnt[3]  ; clk_div:clk_div_inst|tick_cnt[29] ; clkIn        ; clkIn       ; 1.000        ; -0.082     ; 3.316      ;
; -2.400 ; clk_div:clk_div_inst|tick_cnt[20] ; clk_div:clk_div_inst|tick_cnt[19] ; clkIn        ; clkIn       ; 1.000        ; -0.080     ; 3.318      ;
; -2.400 ; clk_div:clk_div_inst|tick_cnt[31] ; clk_div:clk_div_inst|tick_cnt[21] ; clkIn        ; clkIn       ; 1.000        ; -0.078     ; 3.320      ;
; -2.396 ; clk_div:clk_div_inst|tick_cnt[18] ; clk_div:clk_div_inst|tick_cnt[19] ; clkIn        ; clkIn       ; 1.000        ; -0.078     ; 3.316      ;
; -2.395 ; clk_div:clk_div_inst|tick_cnt[5]  ; clk_div:clk_div_inst|tick_cnt[26] ; clkIn        ; clkIn       ; 1.000        ; 0.336      ; 3.729      ;
; -2.389 ; clk_div:clk_div_inst|tick_cnt[16] ; clk_div:clk_div_inst|tick_cnt[20] ; clkIn        ; clkIn       ; 1.000        ; -0.078     ; 3.309      ;
; -2.388 ; clk_div:clk_div_inst|tick_cnt[16] ; clk_div:clk_div_inst|tick_cnt[21] ; clkIn        ; clkIn       ; 1.000        ; -0.078     ; 3.308      ;
; -2.387 ; clk_div:clk_div_inst|tick_cnt[0]  ; clk_div:clk_div_inst|clkOut2      ; clkIn        ; clkIn       ; 1.000        ; -0.077     ; 3.308      ;
; -2.387 ; clk_div:clk_div_inst|tick_cnt[0]  ; clk_div:clk_div_inst|clkOut       ; clkIn        ; clkIn       ; 1.000        ; -0.077     ; 3.308      ;
; -2.383 ; clk_div:clk_div_inst|tick_cnt[18] ; clk_div:clk_div_inst|tick_cnt[6]  ; clkIn        ; clkIn       ; 1.000        ; -0.075     ; 3.306      ;
; -2.382 ; clk_div:clk_div_inst|tick_cnt[18] ; clk_div:clk_div_inst|tick_cnt[7]  ; clkIn        ; clkIn       ; 1.000        ; -0.075     ; 3.305      ;
; -2.382 ; clk_div:clk_div_inst|tick_cnt[1]  ; clk_div:clk_div_inst|tick_cnt[19] ; clkIn        ; clkIn       ; 1.000        ; -0.080     ; 3.300      ;
; -2.379 ; clk_div:clk_div_inst|tick_cnt[6]  ; clk_div:clk_div_inst|tick_cnt[20] ; clkIn        ; clkIn       ; 1.000        ; -0.082     ; 3.295      ;
; -2.367 ; clk_div:clk_div_inst|tick_cnt[22] ; clk_div:clk_div_inst|tick_cnt[20] ; clkIn        ; clkIn       ; 1.000        ; -0.513     ; 2.852      ;
; -2.366 ; clk_div:clk_div_inst|tick_cnt[4]  ; clk_div:clk_div_inst|tick_cnt[20] ; clkIn        ; clkIn       ; 1.000        ; -0.080     ; 3.284      ;
; -2.365 ; clk_div:clk_div_inst|tick_cnt[22] ; clk_div:clk_div_inst|tick_cnt[21] ; clkIn        ; clkIn       ; 1.000        ; -0.513     ; 2.850      ;
; -2.364 ; clk_div:clk_div_inst|tick_cnt[1]  ; clk_div:clk_div_inst|clkOut2      ; clkIn        ; clkIn       ; 1.000        ; -0.077     ; 3.285      ;
; -2.364 ; clk_div:clk_div_inst|tick_cnt[1]  ; clk_div:clk_div_inst|clkOut       ; clkIn        ; clkIn       ; 1.000        ; -0.077     ; 3.285      ;
; -2.360 ; clk_div:clk_div_inst|tick_cnt[30] ; clk_div:clk_div_inst|tick_cnt[20] ; clkIn        ; clkIn       ; 1.000        ; -0.078     ; 3.280      ;
; -2.359 ; clk_div:clk_div_inst|tick_cnt[30] ; clk_div:clk_div_inst|tick_cnt[21] ; clkIn        ; clkIn       ; 1.000        ; -0.078     ; 3.279      ;
; -2.356 ; clk_div:clk_div_inst|tick_cnt[29] ; clk_div:clk_div_inst|clkOut2      ; clkIn        ; clkIn       ; 1.000        ; -0.075     ; 3.279      ;
; -2.356 ; clk_div:clk_div_inst|tick_cnt[29] ; clk_div:clk_div_inst|clkOut       ; clkIn        ; clkIn       ; 1.000        ; -0.075     ; 3.279      ;
; -2.345 ; clk_div:clk_div_inst|tick_cnt[6]  ; clk_div:clk_div_inst|tick_cnt[30] ; clkIn        ; clkIn       ; 1.000        ; -0.084     ; 3.259      ;
; -2.345 ; clk_div:clk_div_inst|tick_cnt[0]  ; clk_div:clk_div_inst|tick_cnt[22] ; clkIn        ; clkIn       ; 1.000        ; 0.336      ; 3.679      ;
; -2.341 ; clk_div:clk_div_inst|tick_cnt[31] ; clk_div:clk_div_inst|clkOut2      ; clkIn        ; clkIn       ; 1.000        ; -0.075     ; 3.264      ;
; -2.341 ; clk_div:clk_div_inst|tick_cnt[31] ; clk_div:clk_div_inst|clkOut       ; clkIn        ; clkIn       ; 1.000        ; -0.075     ; 3.264      ;
; -2.338 ; clk_div:clk_div_inst|tick_cnt[6]  ; clk_div:clk_div_inst|tick_cnt[29] ; clkIn        ; clkIn       ; 1.000        ; -0.084     ; 3.252      ;
; -2.336 ; clk_div:clk_div_inst|tick_cnt[5]  ; clk_div:clk_div_inst|clkOut2      ; clkIn        ; clkIn       ; 1.000        ; -0.077     ; 3.257      ;
; -2.336 ; clk_div:clk_div_inst|tick_cnt[5]  ; clk_div:clk_div_inst|clkOut       ; clkIn        ; clkIn       ; 1.000        ; -0.077     ; 3.257      ;
; -2.332 ; clk_div:clk_div_inst|tick_cnt[4]  ; clk_div:clk_div_inst|tick_cnt[30] ; clkIn        ; clkIn       ; 1.000        ; -0.082     ; 3.248      ;
; -2.331 ; clk_div:clk_div_inst|tick_cnt[2]  ; clk_div:clk_div_inst|tick_cnt[28] ; clkIn        ; clkIn       ; 1.000        ; -0.082     ; 3.247      ;
; -2.329 ; clk_div:clk_div_inst|tick_cnt[22] ; clk_div:clk_div_inst|clkOut2      ; clkIn        ; clkIn       ; 1.000        ; -0.510     ; 2.817      ;
; -2.329 ; clk_div:clk_div_inst|tick_cnt[22] ; clk_div:clk_div_inst|clkOut       ; clkIn        ; clkIn       ; 1.000        ; -0.510     ; 2.817      ;
; -2.329 ; clk_div:clk_div_inst|tick_cnt[19] ; clk_div:clk_div_inst|tick_cnt[20] ; clkIn        ; clkIn       ; 1.000        ; -0.080     ; 3.247      ;
; -2.327 ; clk_div:clk_div_inst|tick_cnt[19] ; clk_div:clk_div_inst|tick_cnt[21] ; clkIn        ; clkIn       ; 1.000        ; -0.080     ; 3.245      ;
; -2.322 ; clk_div:clk_div_inst|tick_cnt[16] ; clk_div:clk_div_inst|clkOut2      ; clkIn        ; clkIn       ; 1.000        ; -0.075     ; 3.245      ;
; -2.322 ; clk_div:clk_div_inst|tick_cnt[16] ; clk_div:clk_div_inst|clkOut       ; clkIn        ; clkIn       ; 1.000        ; -0.075     ; 3.245      ;
; -2.322 ; clk_div:clk_div_inst|tick_cnt[3]  ; clk_div:clk_div_inst|clkOut2      ; clkIn        ; clkIn       ; 1.000        ; -0.077     ; 3.243      ;
+--------+-----------------------------------+-----------------------------------+--------------+-------------+--------------+------------+------------+


+------------------------------------------------------------------------------------------------------------------------------------------------------------------------+
; Slow 1200mV 85C Model Setup: 'clk_div:clk_div_inst|clkOut'                                                                                                             ;
+-------+-----------------------------+-----------------------------+-----------------------------+-----------------------------+--------------+------------+------------+
; Slack ; From Node                   ; To Node                     ; Launch Clock                ; Latch Clock                 ; Relationship ; Clock Skew ; Data Delay ;
+-------+-----------------------------+-----------------------------+-----------------------------+-----------------------------+--------------+------------+------------+
; 0.093 ; seq_101:seq_101_inst|pre.S1 ; seq_101:seq_101_inst|pre.S2 ; clk_div:clk_div_inst|clkOut ; clk_div:clk_div_inst|clkOut ; 1.000        ; -0.080     ; 0.825      ;
; 0.094 ; seq_101:seq_101_inst|pre.S1 ; seq_101:seq_101_inst|pre.S0 ; clk_div:clk_div_inst|clkOut ; clk_div:clk_div_inst|clkOut ; 1.000        ; -0.080     ; 0.824      ;
; 0.096 ; seq_101:seq_101_inst|pre.S2 ; seq_101:seq_101_inst|pre.S1 ; clk_div:clk_div_inst|clkOut ; clk_div:clk_div_inst|clkOut ; 1.000        ; -0.080     ; 0.822      ;
+-------+-----------------------------+-----------------------------+-----------------------------+-----------------------------+--------------+------------+------------+


+------------------------------------------------------------------------------------------------------------------------------------------------------------------------+
; Slow 1200mV 85C Model Hold: 'clk_div:clk_div_inst|clkOut'                                                                                                              ;
+-------+-----------------------------+-----------------------------+-----------------------------+-----------------------------+--------------+------------+------------+
; Slack ; From Node                   ; To Node                     ; Launch Clock                ; Latch Clock                 ; Relationship ; Clock Skew ; Data Delay ;
+-------+-----------------------------+-----------------------------+-----------------------------+-----------------------------+--------------+------------+------------+
; 0.444 ; seq_101:seq_101_inst|pre.S2 ; seq_101:seq_101_inst|pre.S1 ; clk_div:clk_div_inst|clkOut ; clk_div:clk_div_inst|clkOut ; 0.000        ; 0.080      ; 0.710      ;
; 0.460 ; seq_101:seq_101_inst|pre.S1 ; seq_101:seq_101_inst|pre.S0 ; clk_div:clk_div_inst|clkOut ; clk_div:clk_div_inst|clkOut ; 0.000        ; 0.080      ; 0.726      ;
; 0.461 ; seq_101:seq_101_inst|pre.S1 ; seq_101:seq_101_inst|pre.S2 ; clk_div:clk_div_inst|clkOut ; clk_div:clk_div_inst|clkOut ; 0.000        ; 0.080      ; 0.727      ;
+-------+-----------------------------+-----------------------------+-----------------------------+-----------------------------+--------------+------------+------------+


+--------------------------------------------------------------------------------------------------------------------------------------------------------------------+
; Slow 1200mV 85C Model Hold: 'clkIn'                                                                                                                                ;
+-------+-----------------------------------+-----------------------------------+-----------------------------+-------------+--------------+------------+------------+
; Slack ; From Node                         ; To Node                           ; Launch Clock                ; Latch Clock ; Relationship ; Clock Skew ; Data Delay ;
+-------+-----------------------------------+-----------------------------------+-----------------------------+-------------+--------------+------------+------------+
; 0.640 ; clk_div:clk_div_inst|tick_cnt[27] ; clk_div:clk_div_inst|tick_cnt[27] ; clkIn                       ; clkIn       ; 0.000        ; 0.097      ; 0.923      ;
; 0.654 ; clk_div:clk_div_inst|tick_cnt[15] ; clk_div:clk_div_inst|tick_cnt[15] ; clkIn                       ; clkIn       ; 0.000        ; 0.080      ; 0.920      ;
; 0.655 ; clk_div:clk_div_inst|tick_cnt[5]  ; clk_div:clk_div_inst|tick_cnt[5]  ; clkIn                       ; clkIn       ; 0.000        ; 0.080      ; 0.921      ;
; 0.655 ; clk_div:clk_div_inst|tick_cnt[3]  ; clk_div:clk_div_inst|tick_cnt[3]  ; clkIn                       ; clkIn       ; 0.000        ; 0.080      ; 0.921      ;
; 0.656 ; clk_div:clk_div_inst|tick_cnt[29] ; clk_div:clk_div_inst|tick_cnt[29] ; clkIn                       ; clkIn       ; 0.000        ; 0.080      ; 0.922      ;
; 0.656 ; clk_div:clk_div_inst|tick_cnt[1]  ; clk_div:clk_div_inst|tick_cnt[1]  ; clkIn                       ; clkIn       ; 0.000        ; 0.080      ; 0.922      ;
; 0.657 ; clk_div:clk_div_inst|tick_cnt[17] ; clk_div:clk_div_inst|tick_cnt[17] ; clkIn                       ; clkIn       ; 0.000        ; 0.080      ; 0.923      ;
; 0.658 ; clk_div:clk_div_inst|tick_cnt[31] ; clk_div:clk_div_inst|tick_cnt[31] ; clkIn                       ; clkIn       ; 0.000        ; 0.080      ; 0.924      ;
; 0.658 ; clk_div:clk_div_inst|tick_cnt[9]  ; clk_div:clk_div_inst|tick_cnt[9]  ; clkIn                       ; clkIn       ; 0.000        ; 0.080      ; 0.924      ;
; 0.659 ; clk_div:clk_div_inst|tick_cnt[23] ; clk_div:clk_div_inst|tick_cnt[23] ; clkIn                       ; clkIn       ; 0.000        ; 0.080      ; 0.925      ;
; 0.659 ; clk_div:clk_div_inst|tick_cnt[25] ; clk_div:clk_div_inst|tick_cnt[25] ; clkIn                       ; clkIn       ; 0.000        ; 0.080      ; 0.925      ;
; 0.660 ; clk_div:clk_div_inst|tick_cnt[18] ; clk_div:clk_div_inst|tick_cnt[18] ; clkIn                       ; clkIn       ; 0.000        ; 0.080      ; 0.926      ;
; 0.660 ; clk_div:clk_div_inst|tick_cnt[16] ; clk_div:clk_div_inst|tick_cnt[16] ; clkIn                       ; clkIn       ; 0.000        ; 0.080      ; 0.926      ;
; 0.660 ; clk_div:clk_div_inst|tick_cnt[4]  ; clk_div:clk_div_inst|tick_cnt[4]  ; clkIn                       ; clkIn       ; 0.000        ; 0.080      ; 0.926      ;
; 0.660 ; clk_div:clk_div_inst|tick_cnt[2]  ; clk_div:clk_div_inst|tick_cnt[2]  ; clkIn                       ; clkIn       ; 0.000        ; 0.080      ; 0.926      ;
; 0.661 ; clk_div:clk_div_inst|tick_cnt[12] ; clk_div:clk_div_inst|tick_cnt[12] ; clkIn                       ; clkIn       ; 0.000        ; 0.080      ; 0.927      ;
; 0.661 ; clk_div:clk_div_inst|tick_cnt[10] ; clk_div:clk_div_inst|tick_cnt[10] ; clkIn                       ; clkIn       ; 0.000        ; 0.080      ; 0.927      ;
; 0.661 ; clk_div:clk_div_inst|tick_cnt[8]  ; clk_div:clk_div_inst|tick_cnt[8]  ; clkIn                       ; clkIn       ; 0.000        ; 0.080      ; 0.927      ;
; 0.662 ; clk_div:clk_div_inst|tick_cnt[28] ; clk_div:clk_div_inst|tick_cnt[28] ; clkIn                       ; clkIn       ; 0.000        ; 0.080      ; 0.928      ;
; 0.662 ; clk_div:clk_div_inst|tick_cnt[30] ; clk_div:clk_div_inst|tick_cnt[30] ; clkIn                       ; clkIn       ; 0.000        ; 0.080      ; 0.928      ;
; 0.662 ; clk_div:clk_div_inst|tick_cnt[24] ; clk_div:clk_div_inst|tick_cnt[24] ; clkIn                       ; clkIn       ; 0.000        ; 0.080      ; 0.928      ;
; 0.665 ; clk_div:clk_div_inst|tick_cnt[25] ; clk_div:clk_div_inst|tick_cnt[27] ; clkIn                       ; clkIn       ; 0.000        ; 0.512      ; 1.363      ;
; 0.682 ; clk_div:clk_div_inst|tick_cnt[0]  ; clk_div:clk_div_inst|tick_cnt[0]  ; clkIn                       ; clkIn       ; 0.000        ; 0.080      ; 0.948      ;
; 0.683 ; clk_div:clk_div_inst|tick_cnt[24] ; clk_div:clk_div_inst|tick_cnt[27] ; clkIn                       ; clkIn       ; 0.000        ; 0.512      ; 1.381      ;
; 0.791 ; clk_div:clk_div_inst|tick_cnt[23] ; clk_div:clk_div_inst|tick_cnt[27] ; clkIn                       ; clkIn       ; 0.000        ; 0.512      ; 1.489      ;
; 0.970 ; clk_div:clk_div_inst|clkOut       ; clk_div:clk_div_inst|clkOut       ; clk_div:clk_div_inst|clkOut ; clkIn       ; 0.000        ; 3.053      ; 4.471      ;
; 0.973 ; clk_div:clk_div_inst|tick_cnt[3]  ; clk_div:clk_div_inst|tick_cnt[4]  ; clkIn                       ; clkIn       ; 0.000        ; 0.080      ; 1.239      ;
; 0.973 ; clk_div:clk_div_inst|tick_cnt[1]  ; clk_div:clk_div_inst|tick_cnt[2]  ; clkIn                       ; clkIn       ; 0.000        ; 0.080      ; 1.239      ;
; 0.974 ; clk_div:clk_div_inst|tick_cnt[17] ; clk_div:clk_div_inst|tick_cnt[18] ; clkIn                       ; clkIn       ; 0.000        ; 0.080      ; 1.240      ;
; 0.974 ; clk_div:clk_div_inst|tick_cnt[15] ; clk_div:clk_div_inst|tick_cnt[16] ; clkIn                       ; clkIn       ; 0.000        ; 0.078      ; 1.238      ;
; 0.974 ; clk_div:clk_div_inst|tick_cnt[29] ; clk_div:clk_div_inst|tick_cnt[30] ; clkIn                       ; clkIn       ; 0.000        ; 0.080      ; 1.240      ;
; 0.975 ; clk_div:clk_div_inst|tick_cnt[9]  ; clk_div:clk_div_inst|tick_cnt[10] ; clkIn                       ; clkIn       ; 0.000        ; 0.080      ; 1.241      ;
; 0.976 ; clk_div:clk_div_inst|tick_cnt[23] ; clk_div:clk_div_inst|tick_cnt[24] ; clkIn                       ; clkIn       ; 0.000        ; 0.080      ; 1.242      ;
; 0.986 ; clk_div:clk_div_inst|tick_cnt[0]  ; clk_div:clk_div_inst|tick_cnt[1]  ; clkIn                       ; clkIn       ; 0.000        ; 0.080      ; 1.252      ;
; 0.987 ; clk_div:clk_div_inst|tick_cnt[4]  ; clk_div:clk_div_inst|tick_cnt[5]  ; clkIn                       ; clkIn       ; 0.000        ; 0.080      ; 1.253      ;
; 0.987 ; clk_div:clk_div_inst|tick_cnt[2]  ; clk_div:clk_div_inst|tick_cnt[3]  ; clkIn                       ; clkIn       ; 0.000        ; 0.080      ; 1.253      ;
; 0.987 ; clk_div:clk_div_inst|tick_cnt[16] ; clk_div:clk_div_inst|tick_cnt[17] ; clkIn                       ; clkIn       ; 0.000        ; 0.080      ; 1.253      ;
; 0.988 ; clk_div:clk_div_inst|tick_cnt[8]  ; clk_div:clk_div_inst|tick_cnt[9]  ; clkIn                       ; clkIn       ; 0.000        ; 0.080      ; 1.254      ;
; 0.989 ; clk_div:clk_div_inst|tick_cnt[28] ; clk_div:clk_div_inst|tick_cnt[29] ; clkIn                       ; clkIn       ; 0.000        ; 0.080      ; 1.255      ;
; 0.989 ; clk_div:clk_div_inst|tick_cnt[30] ; clk_div:clk_div_inst|tick_cnt[31] ; clkIn                       ; clkIn       ; 0.000        ; 0.080      ; 1.255      ;
; 0.989 ; clk_div:clk_div_inst|tick_cnt[24] ; clk_div:clk_div_inst|tick_cnt[25] ; clkIn                       ; clkIn       ; 0.000        ; 0.080      ; 1.255      ;
; 0.991 ; clk_div:clk_div_inst|tick_cnt[0]  ; clk_div:clk_div_inst|tick_cnt[2]  ; clkIn                       ; clkIn       ; 0.000        ; 0.080      ; 1.257      ;
; 0.992 ; clk_div:clk_div_inst|tick_cnt[2]  ; clk_div:clk_div_inst|tick_cnt[4]  ; clkIn                       ; clkIn       ; 0.000        ; 0.080      ; 1.258      ;
; 0.992 ; clk_div:clk_div_inst|tick_cnt[16] ; clk_div:clk_div_inst|tick_cnt[18] ; clkIn                       ; clkIn       ; 0.000        ; 0.080      ; 1.258      ;
; 0.993 ; clk_div:clk_div_inst|tick_cnt[10] ; clk_div:clk_div_inst|tick_cnt[12] ; clkIn                       ; clkIn       ; 0.000        ; 0.080      ; 1.259      ;
; 0.993 ; clk_div:clk_div_inst|tick_cnt[8]  ; clk_div:clk_div_inst|tick_cnt[10] ; clkIn                       ; clkIn       ; 0.000        ; 0.080      ; 1.259      ;
; 0.994 ; clk_div:clk_div_inst|tick_cnt[28] ; clk_div:clk_div_inst|tick_cnt[30] ; clkIn                       ; clkIn       ; 0.000        ; 0.080      ; 1.260      ;
; 1.052 ; clk_div:clk_div_inst|clkOut       ; clk_div:clk_div_inst|clkOut2      ; clk_div:clk_div_inst|clkOut ; clkIn       ; 0.000        ; 3.053      ; 4.553      ;
; 1.059 ; clk_div:clk_div_inst|tick_cnt[18] ; clk_div:clk_div_inst|tick_cnt[27] ; clkIn                       ; clkIn       ; 0.000        ; 0.512      ; 1.757      ;
; 1.066 ; clk_div:clk_div_inst|tick_cnt[21] ; clk_div:clk_div_inst|tick_cnt[27] ; clkIn                       ; clkIn       ; 0.000        ; 0.510      ; 1.762      ;
; 1.094 ; clk_div:clk_div_inst|tick_cnt[3]  ; clk_div:clk_div_inst|tick_cnt[5]  ; clkIn                       ; clkIn       ; 0.000        ; 0.080      ; 1.360      ;
; 1.094 ; clk_div:clk_div_inst|tick_cnt[1]  ; clk_div:clk_div_inst|tick_cnt[3]  ; clkIn                       ; clkIn       ; 0.000        ; 0.080      ; 1.360      ;
; 1.095 ; clk_div:clk_div_inst|tick_cnt[15] ; clk_div:clk_div_inst|tick_cnt[17] ; clkIn                       ; clkIn       ; 0.000        ; 0.078      ; 1.359      ;
; 1.095 ; clk_div:clk_div_inst|tick_cnt[29] ; clk_div:clk_div_inst|tick_cnt[31] ; clkIn                       ; clkIn       ; 0.000        ; 0.080      ; 1.361      ;
; 1.097 ; clk_div:clk_div_inst|tick_cnt[23] ; clk_div:clk_div_inst|tick_cnt[25] ; clkIn                       ; clkIn       ; 0.000        ; 0.080      ; 1.363      ;
; 1.099 ; clk_div:clk_div_inst|tick_cnt[5]  ; clk_div:clk_div_inst|tick_cnt[8]  ; clkIn                       ; clkIn       ; 0.000        ; 0.080      ; 1.365      ;
; 1.099 ; clk_div:clk_div_inst|tick_cnt[1]  ; clk_div:clk_div_inst|tick_cnt[4]  ; clkIn                       ; clkIn       ; 0.000        ; 0.080      ; 1.365      ;
; 1.099 ; clk_div:clk_div_inst|tick_cnt[20] ; clk_div:clk_div_inst|tick_cnt[27] ; clkIn                       ; clkIn       ; 0.000        ; 0.510      ; 1.795      ;
; 1.100 ; clk_div:clk_div_inst|tick_cnt[15] ; clk_div:clk_div_inst|tick_cnt[18] ; clkIn                       ; clkIn       ; 0.000        ; 0.078      ; 1.364      ;
; 1.101 ; clk_div:clk_div_inst|tick_cnt[9]  ; clk_div:clk_div_inst|tick_cnt[12] ; clkIn                       ; clkIn       ; 0.000        ; 0.080      ; 1.367      ;
; 1.102 ; clk_div:clk_div_inst|tick_cnt[25] ; clk_div:clk_div_inst|tick_cnt[28] ; clkIn                       ; clkIn       ; 0.000        ; 0.080      ; 1.368      ;
; 1.112 ; clk_div:clk_div_inst|tick_cnt[0]  ; clk_div:clk_div_inst|tick_cnt[3]  ; clkIn                       ; clkIn       ; 0.000        ; 0.080      ; 1.378      ;
; 1.113 ; clk_div:clk_div_inst|tick_cnt[2]  ; clk_div:clk_div_inst|tick_cnt[5]  ; clkIn                       ; clkIn       ; 0.000        ; 0.080      ; 1.379      ;
; 1.114 ; clk_div:clk_div_inst|tick_cnt[12] ; clk_div:clk_div_inst|tick_cnt[15] ; clkIn                       ; clkIn       ; 0.000        ; 0.080      ; 1.380      ;
; 1.115 ; clk_div:clk_div_inst|tick_cnt[28] ; clk_div:clk_div_inst|tick_cnt[31] ; clkIn                       ; clkIn       ; 0.000        ; 0.080      ; 1.381      ;
; 1.117 ; clk_div:clk_div_inst|tick_cnt[0]  ; clk_div:clk_div_inst|tick_cnt[4]  ; clkIn                       ; clkIn       ; 0.000        ; 0.080      ; 1.383      ;
; 1.118 ; clk_div:clk_div_inst|tick_cnt[4]  ; clk_div:clk_div_inst|tick_cnt[8]  ; clkIn                       ; clkIn       ; 0.000        ; 0.080      ; 1.384      ;
; 1.119 ; clk_div:clk_div_inst|tick_cnt[8]  ; clk_div:clk_div_inst|tick_cnt[12] ; clkIn                       ; clkIn       ; 0.000        ; 0.080      ; 1.385      ;
; 1.120 ; clk_div:clk_div_inst|tick_cnt[24] ; clk_div:clk_div_inst|tick_cnt[28] ; clkIn                       ; clkIn       ; 0.000        ; 0.080      ; 1.386      ;
; 1.121 ; clk_div:clk_div_inst|tick_cnt[12] ; clk_div:clk_div_inst|tick_cnt[16] ; clkIn                       ; clkIn       ; 0.000        ; 0.078      ; 1.385      ;
; 1.131 ; clk_div:clk_div_inst|tick_cnt[26] ; clk_div:clk_div_inst|tick_cnt[27] ; clkIn                       ; clkIn       ; 0.000        ; 0.094      ; 1.411      ;
; 1.133 ; clk_div:clk_div_inst|tick_cnt[11] ; clk_div:clk_div_inst|tick_cnt[12] ; clkIn                       ; clkIn       ; 0.000        ; 0.077      ; 1.396      ;
; 1.142 ; clk_div:clk_div_inst|tick_cnt[7]  ; clk_div:clk_div_inst|tick_cnt[8]  ; clkIn                       ; clkIn       ; 0.000        ; 0.077      ; 1.405      ;
; 1.155 ; clk_div:clk_div_inst|tick_cnt[14] ; clk_div:clk_div_inst|tick_cnt[15] ; clkIn                       ; clkIn       ; 0.000        ; 0.077      ; 1.418      ;
; 1.156 ; clk_div:clk_div_inst|tick_cnt[6]  ; clk_div:clk_div_inst|tick_cnt[8]  ; clkIn                       ; clkIn       ; 0.000        ; 0.077      ; 1.419      ;
; 1.162 ; clk_div:clk_div_inst|tick_cnt[14] ; clk_div:clk_div_inst|tick_cnt[16] ; clkIn                       ; clkIn       ; 0.000        ; 0.075      ; 1.423      ;
; 1.167 ; clk_div:clk_div_inst|tick_cnt[17] ; clk_div:clk_div_inst|tick_cnt[27] ; clkIn                       ; clkIn       ; 0.000        ; 0.512      ; 1.865      ;
; 1.171 ; clk_div:clk_div_inst|tick_cnt[25] ; clk_div:clk_div_inst|tick_cnt[26] ; clkIn                       ; clkIn       ; 0.000        ; 0.515      ; 1.872      ;
; 1.185 ; clk_div:clk_div_inst|tick_cnt[16] ; clk_div:clk_div_inst|tick_cnt[27] ; clkIn                       ; clkIn       ; 0.000        ; 0.512      ; 1.883      ;
; 1.189 ; clk_div:clk_div_inst|tick_cnt[24] ; clk_div:clk_div_inst|tick_cnt[26] ; clkIn                       ; clkIn       ; 0.000        ; 0.515      ; 1.890      ;
; 1.220 ; clk_div:clk_div_inst|tick_cnt[5]  ; clk_div:clk_div_inst|tick_cnt[9]  ; clkIn                       ; clkIn       ; 0.000        ; 0.080      ; 1.486      ;
; 1.220 ; clk_div:clk_div_inst|tick_cnt[1]  ; clk_div:clk_div_inst|tick_cnt[5]  ; clkIn                       ; clkIn       ; 0.000        ; 0.080      ; 1.486      ;
; 1.223 ; clk_div:clk_div_inst|tick_cnt[25] ; clk_div:clk_div_inst|tick_cnt[29] ; clkIn                       ; clkIn       ; 0.000        ; 0.080      ; 1.489      ;
; 1.223 ; clk_div:clk_div_inst|tick_cnt[19] ; clk_div:clk_div_inst|tick_cnt[27] ; clkIn                       ; clkIn       ; 0.000        ; 0.510      ; 1.919      ;
; 1.225 ; clk_div:clk_div_inst|tick_cnt[5]  ; clk_div:clk_div_inst|tick_cnt[10] ; clkIn                       ; clkIn       ; 0.000        ; 0.080      ; 1.491      ;
; 1.225 ; clk_div:clk_div_inst|tick_cnt[3]  ; clk_div:clk_div_inst|tick_cnt[8]  ; clkIn                       ; clkIn       ; 0.000        ; 0.080      ; 1.491      ;
; 1.228 ; clk_div:clk_div_inst|tick_cnt[25] ; clk_div:clk_div_inst|tick_cnt[30] ; clkIn                       ; clkIn       ; 0.000        ; 0.080      ; 1.494      ;
; 1.228 ; clk_div:clk_div_inst|tick_cnt[23] ; clk_div:clk_div_inst|tick_cnt[28] ; clkIn                       ; clkIn       ; 0.000        ; 0.080      ; 1.494      ;
; 1.238 ; clk_div:clk_div_inst|tick_cnt[0]  ; clk_div:clk_div_inst|tick_cnt[5]  ; clkIn                       ; clkIn       ; 0.000        ; 0.080      ; 1.504      ;
; 1.239 ; clk_div:clk_div_inst|tick_cnt[18] ; clk_div:clk_div_inst|tick_cnt[23] ; clkIn                       ; clkIn       ; 0.000        ; 0.080      ; 1.505      ;
; 1.239 ; clk_div:clk_div_inst|tick_cnt[4]  ; clk_div:clk_div_inst|tick_cnt[9]  ; clkIn                       ; clkIn       ; 0.000        ; 0.080      ; 1.505      ;
; 1.240 ; clk_div:clk_div_inst|tick_cnt[10] ; clk_div:clk_div_inst|tick_cnt[15] ; clkIn                       ; clkIn       ; 0.000        ; 0.080      ; 1.506      ;
; 1.241 ; clk_div:clk_div_inst|tick_cnt[24] ; clk_div:clk_div_inst|tick_cnt[29] ; clkIn                       ; clkIn       ; 0.000        ; 0.080      ; 1.507      ;
; 1.242 ; clk_div:clk_div_inst|tick_cnt[12] ; clk_div:clk_div_inst|tick_cnt[17] ; clkIn                       ; clkIn       ; 0.000        ; 0.078      ; 1.506      ;
; 1.244 ; clk_div:clk_div_inst|tick_cnt[18] ; clk_div:clk_div_inst|tick_cnt[24] ; clkIn                       ; clkIn       ; 0.000        ; 0.080      ; 1.510      ;
; 1.244 ; clk_div:clk_div_inst|tick_cnt[4]  ; clk_div:clk_div_inst|tick_cnt[10] ; clkIn                       ; clkIn       ; 0.000        ; 0.080      ; 1.510      ;
; 1.244 ; clk_div:clk_div_inst|tick_cnt[2]  ; clk_div:clk_div_inst|tick_cnt[8]  ; clkIn                       ; clkIn       ; 0.000        ; 0.080      ; 1.510      ;
; 1.246 ; clk_div:clk_div_inst|tick_cnt[21] ; clk_div:clk_div_inst|tick_cnt[23] ; clkIn                       ; clkIn       ; 0.000        ; 0.078      ; 1.510      ;
; 1.246 ; clk_div:clk_div_inst|tick_cnt[24] ; clk_div:clk_div_inst|tick_cnt[30] ; clkIn                       ; clkIn       ; 0.000        ; 0.080      ; 1.512      ;
; 1.246 ; clk_div:clk_div_inst|tick_cnt[7]  ; clk_div:clk_div_inst|tick_cnt[9]  ; clkIn                       ; clkIn       ; 0.000        ; 0.077      ; 1.509      ;
+-------+-----------------------------------+-----------------------------------+-----------------------------+-------------+--------------+------------+------------+


-----------------------------------------------
; Slow 1200mV 85C Model Metastability Summary ;
-----------------------------------------------
No synchronizer chains to report.


+----------------------------------------------------------------------------------------------------------------------------+
; Slow 1200mV 0C Model Fmax Summary                                                                                          ;
+------------+-----------------+-----------------------------+---------------------------------------------------------------+
; Fmax       ; Restricted Fmax ; Clock Name                  ; Note                                                          ;
+------------+-----------------+-----------------------------+---------------------------------------------------------------+
; 299.04 MHz ; 250.0 MHz       ; clkIn                       ; limit due to minimum period restriction (max I/O toggle rate) ;
; 1221.0 MHz ; 437.64 MHz      ; clk_div:clk_div_inst|clkOut ; limit due to minimum period restriction (tmin)                ;
+------------+-----------------+-----------------------------+---------------------------------------------------------------+
This panel reports FMAX for every clock in the design, regardless of the user-specified clock periods.  FMAX is only computed for paths where the source and destination registers or ports are driven by the same clock.  Paths of different clocks, including generated clocks, are ignored.  For paths between a clock and its inversion, FMAX is computed as if the rising and falling edges are scaled along with FMAX, such that the duty cycle (in terms of a percentage) is maintained. Altera recommends that you always use clock constraints and other slack reports for sign-off analysis.


+------------------------------------------------------+
; Slow 1200mV 0C Model Setup Summary                   ;
+-----------------------------+--------+---------------+
; Clock                       ; Slack  ; End Point TNS ;
+-----------------------------+--------+---------------+
; clkIn                       ; -2.344 ; -55.424       ;
; clk_div:clk_div_inst|clkOut ; 0.181  ; 0.000         ;
+-----------------------------+--------+---------------+


+-----------------------------------------------------+
; Slow 1200mV 0C Model Hold Summary                   ;
+-----------------------------+-------+---------------+
; Clock                       ; Slack ; End Point TNS ;
+-----------------------------+-------+---------------+
; clk_div:clk_div_inst|clkOut ; 0.401 ; 0.000         ;
; clkIn                       ; 0.585 ; 0.000         ;
+-----------------------------+-------+---------------+


-----------------------------------------
; Slow 1200mV 0C Model Recovery Summary ;
-----------------------------------------
No paths to report.


----------------------------------------
; Slow 1200mV 0C Model Removal Summary ;
----------------------------------------
No paths to report.


+------------------------------------------------------+
; Slow 1200mV 0C Model Minimum Pulse Width Summary     ;
+-----------------------------+--------+---------------+
; Clock                       ; Slack  ; End Point TNS ;
+-----------------------------+--------+---------------+
; clkIn                       ; -3.000 ; -46.690       ;
; clk_div:clk_div_inst|clkOut ; -1.285 ; -3.855        ;
+-----------------------------+--------+---------------+


+------------------------------------------------------------------------------------------------------------------------------------------------------+
; Slow 1200mV 0C Model Setup: 'clkIn'                                                                                                                  ;
+--------+-----------------------------------+-----------------------------------+--------------+-------------+--------------+------------+------------+
; Slack  ; From Node                         ; To Node                           ; Launch Clock ; Latch Clock ; Relationship ; Clock Skew ; Data Delay ;
+--------+-----------------------------------+-----------------------------------+--------------+-------------+--------------+------------+------------+
; -2.344 ; clk_div:clk_div_inst|tick_cnt[1]  ; clk_div:clk_div_inst|tick_cnt[20] ; clkIn        ; clkIn       ; 1.000        ; -0.071     ; 3.272      ;
; -2.327 ; clk_div:clk_div_inst|tick_cnt[0]  ; clk_div:clk_div_inst|tick_cnt[21] ; clkIn        ; clkIn       ; 1.000        ; -0.071     ; 3.255      ;
; -2.293 ; clk_div:clk_div_inst|tick_cnt[18] ; clk_div:clk_div_inst|tick_cnt[20] ; clkIn        ; clkIn       ; 1.000        ; -0.070     ; 3.222      ;
; -2.292 ; clk_div:clk_div_inst|tick_cnt[18] ; clk_div:clk_div_inst|tick_cnt[21] ; clkIn        ; clkIn       ; 1.000        ; -0.070     ; 3.221      ;
; -2.289 ; clk_div:clk_div_inst|tick_cnt[0]  ; clk_div:clk_div_inst|tick_cnt[31] ; clkIn        ; clkIn       ; 1.000        ; -0.073     ; 3.215      ;
; -2.271 ; clk_div:clk_div_inst|tick_cnt[1]  ; clk_div:clk_div_inst|tick_cnt[26] ; clkIn        ; clkIn       ; 1.000        ; 0.312      ; 3.582      ;
; -2.270 ; clk_div:clk_div_inst|tick_cnt[1]  ; clk_div:clk_div_inst|tick_cnt[30] ; clkIn        ; clkIn       ; 1.000        ; -0.073     ; 3.196      ;
; -2.265 ; clk_div:clk_div_inst|tick_cnt[0]  ; clk_div:clk_div_inst|tick_cnt[20] ; clkIn        ; clkIn       ; 1.000        ; -0.071     ; 3.193      ;
; -2.259 ; clk_div:clk_div_inst|tick_cnt[1]  ; clk_div:clk_div_inst|tick_cnt[21] ; clkIn        ; clkIn       ; 1.000        ; -0.071     ; 3.187      ;
; -2.246 ; clk_div:clk_div_inst|tick_cnt[20] ; clk_div:clk_div_inst|tick_cnt[20] ; clkIn        ; clkIn       ; 1.000        ; -0.072     ; 3.173      ;
; -2.245 ; clk_div:clk_div_inst|tick_cnt[20] ; clk_div:clk_div_inst|tick_cnt[21] ; clkIn        ; clkIn       ; 1.000        ; -0.072     ; 3.172      ;
; -2.241 ; clk_div:clk_div_inst|tick_cnt[1]  ; clk_div:clk_div_inst|tick_cnt[31] ; clkIn        ; clkIn       ; 1.000        ; -0.073     ; 3.167      ;
; -2.231 ; clk_div:clk_div_inst|tick_cnt[18] ; clk_div:clk_div_inst|clkOut2      ; clkIn        ; clkIn       ; 1.000        ; -0.068     ; 3.162      ;
; -2.231 ; clk_div:clk_div_inst|tick_cnt[18] ; clk_div:clk_div_inst|clkOut       ; clkIn        ; clkIn       ; 1.000        ; -0.068     ; 3.162      ;
; -2.225 ; clk_div:clk_div_inst|tick_cnt[3]  ; clk_div:clk_div_inst|tick_cnt[20] ; clkIn        ; clkIn       ; 1.000        ; -0.071     ; 3.153      ;
; -2.212 ; clk_div:clk_div_inst|tick_cnt[2]  ; clk_div:clk_div_inst|tick_cnt[21] ; clkIn        ; clkIn       ; 1.000        ; -0.071     ; 3.140      ;
; -2.204 ; clk_div:clk_div_inst|tick_cnt[20] ; clk_div:clk_div_inst|clkOut2      ; clkIn        ; clkIn       ; 1.000        ; -0.070     ; 3.133      ;
; -2.204 ; clk_div:clk_div_inst|tick_cnt[20] ; clk_div:clk_div_inst|clkOut       ; clkIn        ; clkIn       ; 1.000        ; -0.070     ; 3.133      ;
; -2.192 ; clk_div:clk_div_inst|tick_cnt[0]  ; clk_div:clk_div_inst|tick_cnt[26] ; clkIn        ; clkIn       ; 1.000        ; 0.312      ; 3.503      ;
; -2.191 ; clk_div:clk_div_inst|tick_cnt[0]  ; clk_div:clk_div_inst|tick_cnt[30] ; clkIn        ; clkIn       ; 1.000        ; -0.073     ; 3.117      ;
; -2.183 ; clk_div:clk_div_inst|tick_cnt[8]  ; clk_div:clk_div_inst|tick_cnt[20] ; clkIn        ; clkIn       ; 1.000        ; -0.071     ; 3.111      ;
; -2.181 ; clk_div:clk_div_inst|tick_cnt[8]  ; clk_div:clk_div_inst|tick_cnt[21] ; clkIn        ; clkIn       ; 1.000        ; -0.071     ; 3.109      ;
; -2.175 ; clk_div:clk_div_inst|tick_cnt[8]  ; clk_div:clk_div_inst|clkOut2      ; clkIn        ; clkIn       ; 1.000        ; -0.069     ; 3.105      ;
; -2.175 ; clk_div:clk_div_inst|tick_cnt[8]  ; clk_div:clk_div_inst|clkOut       ; clkIn        ; clkIn       ; 1.000        ; -0.069     ; 3.105      ;
; -2.174 ; clk_div:clk_div_inst|tick_cnt[2]  ; clk_div:clk_div_inst|tick_cnt[31] ; clkIn        ; clkIn       ; 1.000        ; -0.073     ; 3.100      ;
; -2.173 ; clk_div:clk_div_inst|tick_cnt[0]  ; clk_div:clk_div_inst|tick_cnt[29] ; clkIn        ; clkIn       ; 1.000        ; -0.073     ; 3.099      ;
; -2.154 ; clk_div:clk_div_inst|tick_cnt[1]  ; clk_div:clk_div_inst|tick_cnt[28] ; clkIn        ; clkIn       ; 1.000        ; -0.073     ; 3.080      ;
; -2.152 ; clk_div:clk_div_inst|tick_cnt[3]  ; clk_div:clk_div_inst|tick_cnt[26] ; clkIn        ; clkIn       ; 1.000        ; 0.312      ; 3.463      ;
; -2.151 ; clk_div:clk_div_inst|tick_cnt[3]  ; clk_div:clk_div_inst|tick_cnt[30] ; clkIn        ; clkIn       ; 1.000        ; -0.073     ; 3.077      ;
; -2.149 ; clk_div:clk_div_inst|tick_cnt[2]  ; clk_div:clk_div_inst|tick_cnt[20] ; clkIn        ; clkIn       ; 1.000        ; -0.071     ; 3.077      ;
; -2.147 ; clk_div:clk_div_inst|tick_cnt[6]  ; clk_div:clk_div_inst|tick_cnt[21] ; clkIn        ; clkIn       ; 1.000        ; -0.073     ; 3.073      ;
; -2.140 ; clk_div:clk_div_inst|tick_cnt[3]  ; clk_div:clk_div_inst|tick_cnt[21] ; clkIn        ; clkIn       ; 1.000        ; -0.071     ; 3.068      ;
; -2.131 ; clk_div:clk_div_inst|tick_cnt[29] ; clk_div:clk_div_inst|tick_cnt[20] ; clkIn        ; clkIn       ; 1.000        ; -0.070     ; 3.060      ;
; -2.130 ; clk_div:clk_div_inst|tick_cnt[29] ; clk_div:clk_div_inst|tick_cnt[21] ; clkIn        ; clkIn       ; 1.000        ; -0.070     ; 3.059      ;
; -2.125 ; clk_div:clk_div_inst|tick_cnt[1]  ; clk_div:clk_div_inst|tick_cnt[29] ; clkIn        ; clkIn       ; 1.000        ; -0.073     ; 3.051      ;
; -2.122 ; clk_div:clk_div_inst|tick_cnt[3]  ; clk_div:clk_div_inst|tick_cnt[31] ; clkIn        ; clkIn       ; 1.000        ; -0.073     ; 3.048      ;
; -2.117 ; clk_div:clk_div_inst|tick_cnt[7]  ; clk_div:clk_div_inst|tick_cnt[20] ; clkIn        ; clkIn       ; 1.000        ; -0.073     ; 3.043      ;
; -2.110 ; clk_div:clk_div_inst|tick_cnt[5]  ; clk_div:clk_div_inst|tick_cnt[20] ; clkIn        ; clkIn       ; 1.000        ; -0.071     ; 3.038      ;
; -2.110 ; clk_div:clk_div_inst|tick_cnt[16] ; clk_div:clk_div_inst|tick_cnt[20] ; clkIn        ; clkIn       ; 1.000        ; -0.070     ; 3.039      ;
; -2.109 ; clk_div:clk_div_inst|tick_cnt[16] ; clk_div:clk_div_inst|tick_cnt[21] ; clkIn        ; clkIn       ; 1.000        ; -0.070     ; 3.038      ;
; -2.109 ; clk_div:clk_div_inst|tick_cnt[6]  ; clk_div:clk_div_inst|tick_cnt[31] ; clkIn        ; clkIn       ; 1.000        ; -0.075     ; 3.033      ;
; -2.109 ; clk_div:clk_div_inst|tick_cnt[21] ; clk_div:clk_div_inst|tick_cnt[20] ; clkIn        ; clkIn       ; 1.000        ; -0.072     ; 3.036      ;
; -2.108 ; clk_div:clk_div_inst|tick_cnt[21] ; clk_div:clk_div_inst|tick_cnt[21] ; clkIn        ; clkIn       ; 1.000        ; -0.072     ; 3.035      ;
; -2.106 ; clk_div:clk_div_inst|tick_cnt[18] ; clk_div:clk_div_inst|tick_cnt[19] ; clkIn        ; clkIn       ; 1.000        ; -0.070     ; 3.035      ;
; -2.106 ; clk_div:clk_div_inst|tick_cnt[31] ; clk_div:clk_div_inst|tick_cnt[20] ; clkIn        ; clkIn       ; 1.000        ; -0.070     ; 3.035      ;
; -2.105 ; clk_div:clk_div_inst|tick_cnt[31] ; clk_div:clk_div_inst|tick_cnt[21] ; clkIn        ; clkIn       ; 1.000        ; -0.070     ; 3.034      ;
; -2.097 ; clk_div:clk_div_inst|tick_cnt[4]  ; clk_div:clk_div_inst|tick_cnt[21] ; clkIn        ; clkIn       ; 1.000        ; -0.071     ; 3.025      ;
; -2.095 ; clk_div:clk_div_inst|tick_cnt[0]  ; clk_div:clk_div_inst|tick_cnt[19] ; clkIn        ; clkIn       ; 1.000        ; -0.071     ; 3.023      ;
; -2.085 ; clk_div:clk_div_inst|tick_cnt[18] ; clk_div:clk_div_inst|tick_cnt[6]  ; clkIn        ; clkIn       ; 1.000        ; -0.068     ; 3.016      ;
; -2.083 ; clk_div:clk_div_inst|tick_cnt[18] ; clk_div:clk_div_inst|tick_cnt[7]  ; clkIn        ; clkIn       ; 1.000        ; -0.068     ; 3.014      ;
; -2.078 ; clk_div:clk_div_inst|tick_cnt[1]  ; clk_div:clk_div_inst|tick_cnt[22] ; clkIn        ; clkIn       ; 1.000        ; 0.312      ; 3.389      ;
; -2.076 ; clk_div:clk_div_inst|tick_cnt[2]  ; clk_div:clk_div_inst|tick_cnt[26] ; clkIn        ; clkIn       ; 1.000        ; 0.312      ; 3.387      ;
; -2.076 ; clk_div:clk_div_inst|tick_cnt[21] ; clk_div:clk_div_inst|clkOut2      ; clkIn        ; clkIn       ; 1.000        ; -0.070     ; 3.005      ;
; -2.076 ; clk_div:clk_div_inst|tick_cnt[21] ; clk_div:clk_div_inst|clkOut       ; clkIn        ; clkIn       ; 1.000        ; -0.070     ; 3.005      ;
; -2.075 ; clk_div:clk_div_inst|tick_cnt[2]  ; clk_div:clk_div_inst|tick_cnt[30] ; clkIn        ; clkIn       ; 1.000        ; -0.073     ; 3.001      ;
; -2.075 ; clk_div:clk_div_inst|tick_cnt[0]  ; clk_div:clk_div_inst|tick_cnt[28] ; clkIn        ; clkIn       ; 1.000        ; -0.073     ; 3.001      ;
; -2.072 ; clk_div:clk_div_inst|tick_cnt[30] ; clk_div:clk_div_inst|tick_cnt[20] ; clkIn        ; clkIn       ; 1.000        ; -0.070     ; 3.001      ;
; -2.071 ; clk_div:clk_div_inst|tick_cnt[30] ; clk_div:clk_div_inst|tick_cnt[21] ; clkIn        ; clkIn       ; 1.000        ; -0.070     ; 3.000      ;
; -2.069 ; clk_div:clk_div_inst|tick_cnt[29] ; clk_div:clk_div_inst|clkOut2      ; clkIn        ; clkIn       ; 1.000        ; -0.068     ; 3.000      ;
; -2.069 ; clk_div:clk_div_inst|tick_cnt[29] ; clk_div:clk_div_inst|clkOut       ; clkIn        ; clkIn       ; 1.000        ; -0.068     ; 3.000      ;
; -2.064 ; clk_div:clk_div_inst|tick_cnt[20] ; clk_div:clk_div_inst|tick_cnt[6]  ; clkIn        ; clkIn       ; 1.000        ; -0.070     ; 2.993      ;
; -2.062 ; clk_div:clk_div_inst|tick_cnt[20] ; clk_div:clk_div_inst|tick_cnt[7]  ; clkIn        ; clkIn       ; 1.000        ; -0.070     ; 2.991      ;
; -2.060 ; clk_div:clk_div_inst|tick_cnt[19] ; clk_div:clk_div_inst|tick_cnt[20] ; clkIn        ; clkIn       ; 1.000        ; -0.072     ; 2.987      ;
; -2.059 ; clk_div:clk_div_inst|tick_cnt[19] ; clk_div:clk_div_inst|tick_cnt[21] ; clkIn        ; clkIn       ; 1.000        ; -0.072     ; 2.986      ;
; -2.059 ; clk_div:clk_div_inst|tick_cnt[4]  ; clk_div:clk_div_inst|tick_cnt[31] ; clkIn        ; clkIn       ; 1.000        ; -0.073     ; 2.985      ;
; -2.059 ; clk_div:clk_div_inst|tick_cnt[20] ; clk_div:clk_div_inst|tick_cnt[19] ; clkIn        ; clkIn       ; 1.000        ; -0.072     ; 2.986      ;
; -2.058 ; clk_div:clk_div_inst|tick_cnt[2]  ; clk_div:clk_div_inst|tick_cnt[29] ; clkIn        ; clkIn       ; 1.000        ; -0.073     ; 2.984      ;
; -2.057 ; clk_div:clk_div_inst|tick_cnt[5]  ; clk_div:clk_div_inst|tick_cnt[21] ; clkIn        ; clkIn       ; 1.000        ; -0.071     ; 2.985      ;
; -2.055 ; clk_div:clk_div_inst|tick_cnt[0]  ; clk_div:clk_div_inst|clkOut2      ; clkIn        ; clkIn       ; 1.000        ; -0.069     ; 2.985      ;
; -2.055 ; clk_div:clk_div_inst|tick_cnt[0]  ; clk_div:clk_div_inst|clkOut       ; clkIn        ; clkIn       ; 1.000        ; -0.069     ; 2.985      ;
; -2.053 ; clk_div:clk_div_inst|tick_cnt[22] ; clk_div:clk_div_inst|tick_cnt[20] ; clkIn        ; clkIn       ; 1.000        ; -0.471     ; 2.581      ;
; -2.052 ; clk_div:clk_div_inst|tick_cnt[22] ; clk_div:clk_div_inst|tick_cnt[21] ; clkIn        ; clkIn       ; 1.000        ; -0.471     ; 2.580      ;
; -2.051 ; clk_div:clk_div_inst|tick_cnt[31] ; clk_div:clk_div_inst|clkOut2      ; clkIn        ; clkIn       ; 1.000        ; -0.068     ; 2.982      ;
; -2.051 ; clk_div:clk_div_inst|tick_cnt[31] ; clk_div:clk_div_inst|clkOut       ; clkIn        ; clkIn       ; 1.000        ; -0.068     ; 2.982      ;
; -2.048 ; clk_div:clk_div_inst|tick_cnt[16] ; clk_div:clk_div_inst|clkOut2      ; clkIn        ; clkIn       ; 1.000        ; -0.068     ; 2.979      ;
; -2.048 ; clk_div:clk_div_inst|tick_cnt[16] ; clk_div:clk_div_inst|clkOut       ; clkIn        ; clkIn       ; 1.000        ; -0.068     ; 2.979      ;
; -2.047 ; clk_div:clk_div_inst|tick_cnt[6]  ; clk_div:clk_div_inst|tick_cnt[20] ; clkIn        ; clkIn       ; 1.000        ; -0.073     ; 2.973      ;
; -2.044 ; clk_div:clk_div_inst|tick_cnt[7]  ; clk_div:clk_div_inst|tick_cnt[26] ; clkIn        ; clkIn       ; 1.000        ; 0.310      ; 3.353      ;
; -2.043 ; clk_div:clk_div_inst|tick_cnt[7]  ; clk_div:clk_div_inst|tick_cnt[30] ; clkIn        ; clkIn       ; 1.000        ; -0.075     ; 2.967      ;
; -2.037 ; clk_div:clk_div_inst|tick_cnt[5]  ; clk_div:clk_div_inst|tick_cnt[26] ; clkIn        ; clkIn       ; 1.000        ; 0.312      ; 3.348      ;
; -2.036 ; clk_div:clk_div_inst|tick_cnt[5]  ; clk_div:clk_div_inst|tick_cnt[30] ; clkIn        ; clkIn       ; 1.000        ; -0.073     ; 2.962      ;
; -2.036 ; clk_div:clk_div_inst|tick_cnt[1]  ; clk_div:clk_div_inst|clkOut2      ; clkIn        ; clkIn       ; 1.000        ; -0.069     ; 2.966      ;
; -2.036 ; clk_div:clk_div_inst|tick_cnt[1]  ; clk_div:clk_div_inst|clkOut       ; clkIn        ; clkIn       ; 1.000        ; -0.069     ; 2.966      ;
; -2.035 ; clk_div:clk_div_inst|tick_cnt[3]  ; clk_div:clk_div_inst|tick_cnt[28] ; clkIn        ; clkIn       ; 1.000        ; -0.073     ; 2.961      ;
; -2.035 ; clk_div:clk_div_inst|tick_cnt[8]  ; clk_div:clk_div_inst|tick_cnt[6]  ; clkIn        ; clkIn       ; 1.000        ; -0.069     ; 2.965      ;
; -2.034 ; clk_div:clk_div_inst|tick_cnt[4]  ; clk_div:clk_div_inst|tick_cnt[20] ; clkIn        ; clkIn       ; 1.000        ; -0.071     ; 2.962      ;
; -2.033 ; clk_div:clk_div_inst|tick_cnt[8]  ; clk_div:clk_div_inst|tick_cnt[7]  ; clkIn        ; clkIn       ; 1.000        ; -0.069     ; 2.963      ;
; -2.032 ; clk_div:clk_div_inst|tick_cnt[7]  ; clk_div:clk_div_inst|tick_cnt[21] ; clkIn        ; clkIn       ; 1.000        ; -0.073     ; 2.958      ;
; -2.017 ; clk_div:clk_div_inst|tick_cnt[8]  ; clk_div:clk_div_inst|tick_cnt[19] ; clkIn        ; clkIn       ; 1.000        ; -0.071     ; 2.945      ;
; -2.016 ; clk_div:clk_div_inst|tick_cnt[1]  ; clk_div:clk_div_inst|tick_cnt[19] ; clkIn        ; clkIn       ; 1.000        ; -0.071     ; 2.944      ;
; -2.014 ; clk_div:clk_div_inst|tick_cnt[7]  ; clk_div:clk_div_inst|tick_cnt[31] ; clkIn        ; clkIn       ; 1.000        ; -0.075     ; 2.938      ;
; -2.013 ; clk_div:clk_div_inst|tick_cnt[22] ; clk_div:clk_div_inst|clkOut2      ; clkIn        ; clkIn       ; 1.000        ; -0.469     ; 2.543      ;
; -2.013 ; clk_div:clk_div_inst|tick_cnt[22] ; clk_div:clk_div_inst|clkOut       ; clkIn        ; clkIn       ; 1.000        ; -0.469     ; 2.543      ;
; -2.010 ; clk_div:clk_div_inst|tick_cnt[30] ; clk_div:clk_div_inst|clkOut2      ; clkIn        ; clkIn       ; 1.000        ; -0.068     ; 2.941      ;
; -2.010 ; clk_div:clk_div_inst|tick_cnt[30] ; clk_div:clk_div_inst|clkOut       ; clkIn        ; clkIn       ; 1.000        ; -0.068     ; 2.941      ;
; -2.007 ; clk_div:clk_div_inst|tick_cnt[5]  ; clk_div:clk_div_inst|tick_cnt[31] ; clkIn        ; clkIn       ; 1.000        ; -0.073     ; 2.933      ;
; -2.007 ; clk_div:clk_div_inst|tick_cnt[5]  ; clk_div:clk_div_inst|clkOut2      ; clkIn        ; clkIn       ; 1.000        ; -0.069     ; 2.937      ;
; -2.007 ; clk_div:clk_div_inst|tick_cnt[5]  ; clk_div:clk_div_inst|clkOut       ; clkIn        ; clkIn       ; 1.000        ; -0.069     ; 2.937      ;
; -2.006 ; clk_div:clk_div_inst|tick_cnt[24] ; clk_div:clk_div_inst|tick_cnt[20] ; clkIn        ; clkIn       ; 1.000        ; -0.070     ; 2.935      ;
; -2.006 ; clk_div:clk_div_inst|tick_cnt[3]  ; clk_div:clk_div_inst|tick_cnt[29] ; clkIn        ; clkIn       ; 1.000        ; -0.073     ; 2.932      ;
+--------+-----------------------------------+-----------------------------------+--------------+-------------+--------------+------------+------------+


+------------------------------------------------------------------------------------------------------------------------------------------------------------------------+
; Slow 1200mV 0C Model Setup: 'clk_div:clk_div_inst|clkOut'                                                                                                              ;
+-------+-----------------------------+-----------------------------+-----------------------------+-----------------------------+--------------+------------+------------+
; Slack ; From Node                   ; To Node                     ; Launch Clock                ; Latch Clock                 ; Relationship ; Clock Skew ; Data Delay ;
+-------+-----------------------------+-----------------------------+-----------------------------+-----------------------------+--------------+------------+------------+
; 0.181 ; seq_101:seq_101_inst|pre.S2 ; seq_101:seq_101_inst|pre.S1 ; clk_div:clk_div_inst|clkOut ; clk_div:clk_div_inst|clkOut ; 1.000        ; -0.072     ; 0.746      ;
; 0.184 ; seq_101:seq_101_inst|pre.S1 ; seq_101:seq_101_inst|pre.S2 ; clk_div:clk_div_inst|clkOut ; clk_div:clk_div_inst|clkOut ; 1.000        ; -0.072     ; 0.743      ;
; 0.185 ; seq_101:seq_101_inst|pre.S1 ; seq_101:seq_101_inst|pre.S0 ; clk_div:clk_div_inst|clkOut ; clk_div:clk_div_inst|clkOut ; 1.000        ; -0.072     ; 0.742      ;
+-------+-----------------------------+-----------------------------+-----------------------------+-----------------------------+--------------+------------+------------+


+------------------------------------------------------------------------------------------------------------------------------------------------------------------------+
; Slow 1200mV 0C Model Hold: 'clk_div:clk_div_inst|clkOut'                                                                                                               ;
+-------+-----------------------------+-----------------------------+-----------------------------+-----------------------------+--------------+------------+------------+
; Slack ; From Node                   ; To Node                     ; Launch Clock                ; Latch Clock                 ; Relationship ; Clock Skew ; Data Delay ;
+-------+-----------------------------+-----------------------------+-----------------------------+-----------------------------+--------------+------------+------------+
; 0.401 ; seq_101:seq_101_inst|pre.S2 ; seq_101:seq_101_inst|pre.S1 ; clk_div:clk_div_inst|clkOut ; clk_div:clk_div_inst|clkOut ; 0.000        ; 0.072      ; 0.644      ;
; 0.424 ; seq_101:seq_101_inst|pre.S1 ; seq_101:seq_101_inst|pre.S0 ; clk_div:clk_div_inst|clkOut ; clk_div:clk_div_inst|clkOut ; 0.000        ; 0.072      ; 0.667      ;
; 0.425 ; seq_101:seq_101_inst|pre.S1 ; seq_101:seq_101_inst|pre.S2 ; clk_div:clk_div_inst|clkOut ; clk_div:clk_div_inst|clkOut ; 0.000        ; 0.072      ; 0.668      ;
+-------+-----------------------------+-----------------------------+-----------------------------+-----------------------------+--------------+------------+------------+


+--------------------------------------------------------------------------------------------------------------------------------------------------------------------+
; Slow 1200mV 0C Model Hold: 'clkIn'                                                                                                                                 ;
+-------+-----------------------------------+-----------------------------------+-----------------------------+-------------+--------------+------------+------------+
; Slack ; From Node                         ; To Node                           ; Launch Clock                ; Latch Clock ; Relationship ; Clock Skew ; Data Delay ;
+-------+-----------------------------------+-----------------------------------+-----------------------------+-------------+--------------+------------+------------+
; 0.585 ; clk_div:clk_div_inst|tick_cnt[27] ; clk_div:clk_div_inst|tick_cnt[27] ; clkIn                       ; clkIn       ; 0.000        ; 0.087      ; 0.843      ;
; 0.593 ; clk_div:clk_div_inst|tick_cnt[25] ; clk_div:clk_div_inst|tick_cnt[27] ; clkIn                       ; clkIn       ; 0.000        ; 0.468      ; 1.232      ;
; 0.598 ; clk_div:clk_div_inst|tick_cnt[15] ; clk_div:clk_div_inst|tick_cnt[15] ; clkIn                       ; clkIn       ; 0.000        ; 0.071      ; 0.840      ;
; 0.599 ; clk_div:clk_div_inst|tick_cnt[29] ; clk_div:clk_div_inst|tick_cnt[29] ; clkIn                       ; clkIn       ; 0.000        ; 0.072      ; 0.842      ;
; 0.599 ; clk_div:clk_div_inst|tick_cnt[5]  ; clk_div:clk_div_inst|tick_cnt[5]  ; clkIn                       ; clkIn       ; 0.000        ; 0.071      ; 0.841      ;
; 0.599 ; clk_div:clk_div_inst|tick_cnt[3]  ; clk_div:clk_div_inst|tick_cnt[3]  ; clkIn                       ; clkIn       ; 0.000        ; 0.071      ; 0.841      ;
; 0.600 ; clk_div:clk_div_inst|tick_cnt[31] ; clk_div:clk_div_inst|tick_cnt[31] ; clkIn                       ; clkIn       ; 0.000        ; 0.072      ; 0.843      ;
; 0.601 ; clk_div:clk_div_inst|tick_cnt[17] ; clk_div:clk_div_inst|tick_cnt[17] ; clkIn                       ; clkIn       ; 0.000        ; 0.072      ; 0.844      ;
; 0.601 ; clk_div:clk_div_inst|tick_cnt[1]  ; clk_div:clk_div_inst|tick_cnt[1]  ; clkIn                       ; clkIn       ; 0.000        ; 0.071      ; 0.843      ;
; 0.603 ; clk_div:clk_div_inst|tick_cnt[23] ; clk_div:clk_div_inst|tick_cnt[23] ; clkIn                       ; clkIn       ; 0.000        ; 0.072      ; 0.846      ;
; 0.603 ; clk_div:clk_div_inst|tick_cnt[25] ; clk_div:clk_div_inst|tick_cnt[25] ; clkIn                       ; clkIn       ; 0.000        ; 0.072      ; 0.846      ;
; 0.603 ; clk_div:clk_div_inst|tick_cnt[16] ; clk_div:clk_div_inst|tick_cnt[16] ; clkIn                       ; clkIn       ; 0.000        ; 0.072      ; 0.846      ;
; 0.603 ; clk_div:clk_div_inst|tick_cnt[9]  ; clk_div:clk_div_inst|tick_cnt[9]  ; clkIn                       ; clkIn       ; 0.000        ; 0.071      ; 0.845      ;
; 0.604 ; clk_div:clk_div_inst|tick_cnt[30] ; clk_div:clk_div_inst|tick_cnt[30] ; clkIn                       ; clkIn       ; 0.000        ; 0.072      ; 0.847      ;
; 0.604 ; clk_div:clk_div_inst|tick_cnt[18] ; clk_div:clk_div_inst|tick_cnt[18] ; clkIn                       ; clkIn       ; 0.000        ; 0.072      ; 0.847      ;
; 0.604 ; clk_div:clk_div_inst|tick_cnt[2]  ; clk_div:clk_div_inst|tick_cnt[2]  ; clkIn                       ; clkIn       ; 0.000        ; 0.071      ; 0.846      ;
; 0.605 ; clk_div:clk_div_inst|tick_cnt[28] ; clk_div:clk_div_inst|tick_cnt[28] ; clkIn                       ; clkIn       ; 0.000        ; 0.072      ; 0.848      ;
; 0.605 ; clk_div:clk_div_inst|tick_cnt[24] ; clk_div:clk_div_inst|tick_cnt[24] ; clkIn                       ; clkIn       ; 0.000        ; 0.072      ; 0.848      ;
; 0.605 ; clk_div:clk_div_inst|tick_cnt[12] ; clk_div:clk_div_inst|tick_cnt[12] ; clkIn                       ; clkIn       ; 0.000        ; 0.071      ; 0.847      ;
; 0.605 ; clk_div:clk_div_inst|tick_cnt[10] ; clk_div:clk_div_inst|tick_cnt[10] ; clkIn                       ; clkIn       ; 0.000        ; 0.071      ; 0.847      ;
; 0.605 ; clk_div:clk_div_inst|tick_cnt[8]  ; clk_div:clk_div_inst|tick_cnt[8]  ; clkIn                       ; clkIn       ; 0.000        ; 0.071      ; 0.847      ;
; 0.605 ; clk_div:clk_div_inst|tick_cnt[4]  ; clk_div:clk_div_inst|tick_cnt[4]  ; clkIn                       ; clkIn       ; 0.000        ; 0.071      ; 0.847      ;
; 0.607 ; clk_div:clk_div_inst|tick_cnt[24] ; clk_div:clk_div_inst|tick_cnt[27] ; clkIn                       ; clkIn       ; 0.000        ; 0.468      ; 1.246      ;
; 0.624 ; clk_div:clk_div_inst|tick_cnt[0]  ; clk_div:clk_div_inst|tick_cnt[0]  ; clkIn                       ; clkIn       ; 0.000        ; 0.071      ; 0.866      ;
; 0.703 ; clk_div:clk_div_inst|tick_cnt[23] ; clk_div:clk_div_inst|tick_cnt[27] ; clkIn                       ; clkIn       ; 0.000        ; 0.468      ; 1.342      ;
; 0.885 ; clk_div:clk_div_inst|tick_cnt[15] ; clk_div:clk_div_inst|tick_cnt[16] ; clkIn                       ; clkIn       ; 0.000        ; 0.070      ; 1.126      ;
; 0.885 ; clk_div:clk_div_inst|tick_cnt[29] ; clk_div:clk_div_inst|tick_cnt[30] ; clkIn                       ; clkIn       ; 0.000        ; 0.072      ; 1.128      ;
; 0.885 ; clk_div:clk_div_inst|tick_cnt[3]  ; clk_div:clk_div_inst|tick_cnt[4]  ; clkIn                       ; clkIn       ; 0.000        ; 0.071      ; 1.127      ;
; 0.888 ; clk_div:clk_div_inst|tick_cnt[17] ; clk_div:clk_div_inst|tick_cnt[18] ; clkIn                       ; clkIn       ; 0.000        ; 0.072      ; 1.131      ;
; 0.888 ; clk_div:clk_div_inst|tick_cnt[1]  ; clk_div:clk_div_inst|tick_cnt[2]  ; clkIn                       ; clkIn       ; 0.000        ; 0.071      ; 1.130      ;
; 0.890 ; clk_div:clk_div_inst|tick_cnt[23] ; clk_div:clk_div_inst|tick_cnt[24] ; clkIn                       ; clkIn       ; 0.000        ; 0.072      ; 1.133      ;
; 0.890 ; clk_div:clk_div_inst|tick_cnt[9]  ; clk_div:clk_div_inst|tick_cnt[10] ; clkIn                       ; clkIn       ; 0.000        ; 0.071      ; 1.132      ;
; 0.891 ; clk_div:clk_div_inst|tick_cnt[16] ; clk_div:clk_div_inst|tick_cnt[17] ; clkIn                       ; clkIn       ; 0.000        ; 0.072      ; 1.134      ;
; 0.891 ; clk_div:clk_div_inst|tick_cnt[0]  ; clk_div:clk_div_inst|tick_cnt[1]  ; clkIn                       ; clkIn       ; 0.000        ; 0.071      ; 1.133      ;
; 0.892 ; clk_div:clk_div_inst|tick_cnt[2]  ; clk_div:clk_div_inst|tick_cnt[3]  ; clkIn                       ; clkIn       ; 0.000        ; 0.071      ; 1.134      ;
; 0.892 ; clk_div:clk_div_inst|tick_cnt[30] ; clk_div:clk_div_inst|tick_cnt[31] ; clkIn                       ; clkIn       ; 0.000        ; 0.072      ; 1.135      ;
; 0.893 ; clk_div:clk_div_inst|tick_cnt[28] ; clk_div:clk_div_inst|tick_cnt[29] ; clkIn                       ; clkIn       ; 0.000        ; 0.072      ; 1.136      ;
; 0.893 ; clk_div:clk_div_inst|tick_cnt[4]  ; clk_div:clk_div_inst|tick_cnt[5]  ; clkIn                       ; clkIn       ; 0.000        ; 0.071      ; 1.135      ;
; 0.893 ; clk_div:clk_div_inst|tick_cnt[24] ; clk_div:clk_div_inst|tick_cnt[25] ; clkIn                       ; clkIn       ; 0.000        ; 0.072      ; 1.136      ;
; 0.893 ; clk_div:clk_div_inst|tick_cnt[8]  ; clk_div:clk_div_inst|tick_cnt[9]  ; clkIn                       ; clkIn       ; 0.000        ; 0.071      ; 1.135      ;
; 0.902 ; clk_div:clk_div_inst|tick_cnt[16] ; clk_div:clk_div_inst|tick_cnt[18] ; clkIn                       ; clkIn       ; 0.000        ; 0.072      ; 1.145      ;
; 0.902 ; clk_div:clk_div_inst|tick_cnt[0]  ; clk_div:clk_div_inst|tick_cnt[2]  ; clkIn                       ; clkIn       ; 0.000        ; 0.071      ; 1.144      ;
; 0.903 ; clk_div:clk_div_inst|tick_cnt[2]  ; clk_div:clk_div_inst|tick_cnt[4]  ; clkIn                       ; clkIn       ; 0.000        ; 0.071      ; 1.145      ;
; 0.904 ; clk_div:clk_div_inst|tick_cnt[10] ; clk_div:clk_div_inst|tick_cnt[12] ; clkIn                       ; clkIn       ; 0.000        ; 0.071      ; 1.146      ;
; 0.904 ; clk_div:clk_div_inst|tick_cnt[28] ; clk_div:clk_div_inst|tick_cnt[30] ; clkIn                       ; clkIn       ; 0.000        ; 0.072      ; 1.147      ;
; 0.904 ; clk_div:clk_div_inst|tick_cnt[8]  ; clk_div:clk_div_inst|tick_cnt[10] ; clkIn                       ; clkIn       ; 0.000        ; 0.071      ; 1.146      ;
; 0.909 ; clk_div:clk_div_inst|clkOut       ; clk_div:clk_div_inst|clkOut       ; clk_div:clk_div_inst|clkOut ; clkIn       ; 0.000        ; 2.768      ; 4.091      ;
; 0.936 ; clk_div:clk_div_inst|tick_cnt[18] ; clk_div:clk_div_inst|tick_cnt[27] ; clkIn                       ; clkIn       ; 0.000        ; 0.468      ; 1.575      ;
; 0.937 ; clk_div:clk_div_inst|tick_cnt[21] ; clk_div:clk_div_inst|tick_cnt[27] ; clkIn                       ; clkIn       ; 0.000        ; 0.466      ; 1.574      ;
; 0.979 ; clk_div:clk_div_inst|tick_cnt[20] ; clk_div:clk_div_inst|tick_cnt[27] ; clkIn                       ; clkIn       ; 0.000        ; 0.466      ; 1.616      ;
; 0.984 ; clk_div:clk_div_inst|tick_cnt[15] ; clk_div:clk_div_inst|tick_cnt[17] ; clkIn                       ; clkIn       ; 0.000        ; 0.070      ; 1.225      ;
; 0.984 ; clk_div:clk_div_inst|tick_cnt[29] ; clk_div:clk_div_inst|tick_cnt[31] ; clkIn                       ; clkIn       ; 0.000        ; 0.072      ; 1.227      ;
; 0.984 ; clk_div:clk_div_inst|tick_cnt[3]  ; clk_div:clk_div_inst|tick_cnt[5]  ; clkIn                       ; clkIn       ; 0.000        ; 0.071      ; 1.226      ;
; 0.987 ; clk_div:clk_div_inst|tick_cnt[1]  ; clk_div:clk_div_inst|tick_cnt[3]  ; clkIn                       ; clkIn       ; 0.000        ; 0.071      ; 1.229      ;
; 0.989 ; clk_div:clk_div_inst|tick_cnt[23] ; clk_div:clk_div_inst|tick_cnt[25] ; clkIn                       ; clkIn       ; 0.000        ; 0.072      ; 1.232      ;
; 0.995 ; clk_div:clk_div_inst|tick_cnt[5]  ; clk_div:clk_div_inst|tick_cnt[8]  ; clkIn                       ; clkIn       ; 0.000        ; 0.071      ; 1.237      ;
; 0.995 ; clk_div:clk_div_inst|tick_cnt[15] ; clk_div:clk_div_inst|tick_cnt[18] ; clkIn                       ; clkIn       ; 0.000        ; 0.070      ; 1.236      ;
; 0.997 ; clk_div:clk_div_inst|clkOut       ; clk_div:clk_div_inst|clkOut2      ; clk_div:clk_div_inst|clkOut ; clkIn       ; 0.000        ; 2.768      ; 4.179      ;
; 0.998 ; clk_div:clk_div_inst|tick_cnt[1]  ; clk_div:clk_div_inst|tick_cnt[4]  ; clkIn                       ; clkIn       ; 0.000        ; 0.071      ; 1.240      ;
; 1.000 ; clk_div:clk_div_inst|tick_cnt[25] ; clk_div:clk_div_inst|tick_cnt[28] ; clkIn                       ; clkIn       ; 0.000        ; 0.072      ; 1.243      ;
; 1.000 ; clk_div:clk_div_inst|tick_cnt[9]  ; clk_div:clk_div_inst|tick_cnt[12] ; clkIn                       ; clkIn       ; 0.000        ; 0.071      ; 1.242      ;
; 1.001 ; clk_div:clk_div_inst|tick_cnt[0]  ; clk_div:clk_div_inst|tick_cnt[3]  ; clkIn                       ; clkIn       ; 0.000        ; 0.071      ; 1.243      ;
; 1.002 ; clk_div:clk_div_inst|tick_cnt[2]  ; clk_div:clk_div_inst|tick_cnt[5]  ; clkIn                       ; clkIn       ; 0.000        ; 0.071      ; 1.244      ;
; 1.003 ; clk_div:clk_div_inst|tick_cnt[12] ; clk_div:clk_div_inst|tick_cnt[15] ; clkIn                       ; clkIn       ; 0.000        ; 0.071      ; 1.245      ;
; 1.003 ; clk_div:clk_div_inst|tick_cnt[28] ; clk_div:clk_div_inst|tick_cnt[31] ; clkIn                       ; clkIn       ; 0.000        ; 0.072      ; 1.246      ;
; 1.012 ; clk_div:clk_div_inst|tick_cnt[0]  ; clk_div:clk_div_inst|tick_cnt[4]  ; clkIn                       ; clkIn       ; 0.000        ; 0.071      ; 1.254      ;
; 1.014 ; clk_div:clk_div_inst|tick_cnt[4]  ; clk_div:clk_div_inst|tick_cnt[8]  ; clkIn                       ; clkIn       ; 0.000        ; 0.071      ; 1.256      ;
; 1.014 ; clk_div:clk_div_inst|tick_cnt[24] ; clk_div:clk_div_inst|tick_cnt[28] ; clkIn                       ; clkIn       ; 0.000        ; 0.072      ; 1.257      ;
; 1.014 ; clk_div:clk_div_inst|tick_cnt[8]  ; clk_div:clk_div_inst|tick_cnt[12] ; clkIn                       ; clkIn       ; 0.000        ; 0.071      ; 1.256      ;
; 1.015 ; clk_div:clk_div_inst|tick_cnt[12] ; clk_div:clk_div_inst|tick_cnt[16] ; clkIn                       ; clkIn       ; 0.000        ; 0.070      ; 1.256      ;
; 1.017 ; clk_div:clk_div_inst|tick_cnt[26] ; clk_div:clk_div_inst|tick_cnt[27] ; clkIn                       ; clkIn       ; 0.000        ; 0.083      ; 1.271      ;
; 1.031 ; clk_div:clk_div_inst|tick_cnt[17] ; clk_div:clk_div_inst|tick_cnt[27] ; clkIn                       ; clkIn       ; 0.000        ; 0.468      ; 1.670      ;
; 1.033 ; clk_div:clk_div_inst|tick_cnt[14] ; clk_div:clk_div_inst|tick_cnt[15] ; clkIn                       ; clkIn       ; 0.000        ; 0.069      ; 1.273      ;
; 1.044 ; clk_div:clk_div_inst|tick_cnt[11] ; clk_div:clk_div_inst|tick_cnt[12] ; clkIn                       ; clkIn       ; 0.000        ; 0.069      ; 1.284      ;
; 1.045 ; clk_div:clk_div_inst|tick_cnt[16] ; clk_div:clk_div_inst|tick_cnt[27] ; clkIn                       ; clkIn       ; 0.000        ; 0.468      ; 1.684      ;
; 1.050 ; clk_div:clk_div_inst|tick_cnt[7]  ; clk_div:clk_div_inst|tick_cnt[8]  ; clkIn                       ; clkIn       ; 0.000        ; 0.069      ; 1.290      ;
; 1.063 ; clk_div:clk_div_inst|tick_cnt[6]  ; clk_div:clk_div_inst|tick_cnt[8]  ; clkIn                       ; clkIn       ; 0.000        ; 0.069      ; 1.303      ;
; 1.069 ; clk_div:clk_div_inst|tick_cnt[14] ; clk_div:clk_div_inst|tick_cnt[16] ; clkIn                       ; clkIn       ; 0.000        ; 0.068      ; 1.308      ;
; 1.074 ; clk_div:clk_div_inst|tick_cnt[19] ; clk_div:clk_div_inst|tick_cnt[27] ; clkIn                       ; clkIn       ; 0.000        ; 0.466      ; 1.711      ;
; 1.076 ; clk_div:clk_div_inst|tick_cnt[25] ; clk_div:clk_div_inst|tick_cnt[26] ; clkIn                       ; clkIn       ; 0.000        ; 0.473      ; 1.720      ;
; 1.090 ; clk_div:clk_div_inst|tick_cnt[24] ; clk_div:clk_div_inst|tick_cnt[26] ; clkIn                       ; clkIn       ; 0.000        ; 0.473      ; 1.734      ;
; 1.094 ; clk_div:clk_div_inst|tick_cnt[5]  ; clk_div:clk_div_inst|tick_cnt[9]  ; clkIn                       ; clkIn       ; 0.000        ; 0.071      ; 1.336      ;
; 1.097 ; clk_div:clk_div_inst|tick_cnt[1]  ; clk_div:clk_div_inst|tick_cnt[5]  ; clkIn                       ; clkIn       ; 0.000        ; 0.071      ; 1.339      ;
; 1.099 ; clk_div:clk_div_inst|tick_cnt[25] ; clk_div:clk_div_inst|tick_cnt[29] ; clkIn                       ; clkIn       ; 0.000        ; 0.072      ; 1.342      ;
; 1.105 ; clk_div:clk_div_inst|tick_cnt[5]  ; clk_div:clk_div_inst|tick_cnt[10] ; clkIn                       ; clkIn       ; 0.000        ; 0.071      ; 1.347      ;
; 1.105 ; clk_div:clk_div_inst|tick_cnt[3]  ; clk_div:clk_div_inst|tick_cnt[8]  ; clkIn                       ; clkIn       ; 0.000        ; 0.071      ; 1.347      ;
; 1.110 ; clk_div:clk_div_inst|tick_cnt[25] ; clk_div:clk_div_inst|tick_cnt[30] ; clkIn                       ; clkIn       ; 0.000        ; 0.072      ; 1.353      ;
; 1.110 ; clk_div:clk_div_inst|tick_cnt[23] ; clk_div:clk_div_inst|tick_cnt[28] ; clkIn                       ; clkIn       ; 0.000        ; 0.072      ; 1.353      ;
; 1.111 ; clk_div:clk_div_inst|tick_cnt[0]  ; clk_div:clk_div_inst|tick_cnt[5]  ; clkIn                       ; clkIn       ; 0.000        ; 0.071      ; 1.353      ;
; 1.112 ; clk_div:clk_div_inst|tick_cnt[18] ; clk_div:clk_div_inst|tick_cnt[23] ; clkIn                       ; clkIn       ; 0.000        ; 0.072      ; 1.355      ;
; 1.113 ; clk_div:clk_div_inst|tick_cnt[21] ; clk_div:clk_div_inst|tick_cnt[23] ; clkIn                       ; clkIn       ; 0.000        ; 0.070      ; 1.354      ;
; 1.113 ; clk_div:clk_div_inst|tick_cnt[10] ; clk_div:clk_div_inst|tick_cnt[15] ; clkIn                       ; clkIn       ; 0.000        ; 0.071      ; 1.355      ;
; 1.113 ; clk_div:clk_div_inst|tick_cnt[4]  ; clk_div:clk_div_inst|tick_cnt[9]  ; clkIn                       ; clkIn       ; 0.000        ; 0.071      ; 1.355      ;
; 1.113 ; clk_div:clk_div_inst|tick_cnt[24] ; clk_div:clk_div_inst|tick_cnt[29] ; clkIn                       ; clkIn       ; 0.000        ; 0.072      ; 1.356      ;
; 1.114 ; clk_div:clk_div_inst|tick_cnt[12] ; clk_div:clk_div_inst|tick_cnt[17] ; clkIn                       ; clkIn       ; 0.000        ; 0.070      ; 1.355      ;
; 1.114 ; clk_div:clk_div_inst|tick_cnt[7]  ; clk_div:clk_div_inst|tick_cnt[9]  ; clkIn                       ; clkIn       ; 0.000        ; 0.069      ; 1.354      ;
; 1.123 ; clk_div:clk_div_inst|tick_cnt[18] ; clk_div:clk_div_inst|tick_cnt[24] ; clkIn                       ; clkIn       ; 0.000        ; 0.072      ; 1.366      ;
; 1.123 ; clk_div:clk_div_inst|tick_cnt[2]  ; clk_div:clk_div_inst|tick_cnt[8]  ; clkIn                       ; clkIn       ; 0.000        ; 0.071      ; 1.365      ;
; 1.124 ; clk_div:clk_div_inst|tick_cnt[4]  ; clk_div:clk_div_inst|tick_cnt[10] ; clkIn                       ; clkIn       ; 0.000        ; 0.071      ; 1.366      ;
; 1.124 ; clk_div:clk_div_inst|tick_cnt[24] ; clk_div:clk_div_inst|tick_cnt[30] ; clkIn                       ; clkIn       ; 0.000        ; 0.072      ; 1.367      ;
+-------+-----------------------------------+-----------------------------------+-----------------------------+-------------+--------------+------------+------------+


----------------------------------------------
; Slow 1200mV 0C Model Metastability Summary ;
----------------------------------------------
No synchronizer chains to report.


+------------------------------------------------------+
; Fast 1200mV 0C Model Setup Summary                   ;
+-----------------------------+--------+---------------+
; Clock                       ; Slack  ; End Point TNS ;
+-----------------------------+--------+---------------+
; clkIn                       ; -0.845 ; -16.328       ;
; clk_div:clk_div_inst|clkOut ; 0.553  ; 0.000         ;
+-----------------------------+--------+---------------+


+-----------------------------------------------------+
; Fast 1200mV 0C Model Hold Summary                   ;
+-----------------------------+-------+---------------+
; Clock                       ; Slack ; End Point TNS ;
+-----------------------------+-------+---------------+
; clk_div:clk_div_inst|clkOut ; 0.205 ; 0.000         ;
; clkIn                       ; 0.293 ; 0.000         ;
+-----------------------------+-------+---------------+


-----------------------------------------
; Fast 1200mV 0C Model Recovery Summary ;
-----------------------------------------
No paths to report.


----------------------------------------
; Fast 1200mV 0C Model Removal Summary ;
----------------------------------------
No paths to report.


+------------------------------------------------------+
; Fast 1200mV 0C Model Minimum Pulse Width Summary     ;
+-----------------------------+--------+---------------+
; Clock                       ; Slack  ; End Point TNS ;
+-----------------------------+--------+---------------+
; clkIn                       ; -3.000 ; -39.201       ;
; clk_div:clk_div_inst|clkOut ; -1.000 ; -3.000        ;
+-----------------------------+--------+---------------+


+------------------------------------------------------------------------------------------------------------------------------------------------------+
; Fast 1200mV 0C Model Setup: 'clkIn'                                                                                                                  ;
+--------+-----------------------------------+-----------------------------------+--------------+-------------+--------------+------------+------------+
; Slack  ; From Node                         ; To Node                           ; Launch Clock ; Latch Clock ; Relationship ; Clock Skew ; Data Delay ;
+--------+-----------------------------------+-----------------------------------+--------------+-------------+--------------+------------+------------+
; -0.845 ; clk_div:clk_div_inst|tick_cnt[1]  ; clk_div:clk_div_inst|tick_cnt[31] ; clkIn        ; clkIn       ; 1.000        ; -0.042     ; 1.790      ;
; -0.843 ; clk_div:clk_div_inst|tick_cnt[1]  ; clk_div:clk_div_inst|tick_cnt[20] ; clkIn        ; clkIn       ; 1.000        ; -0.040     ; 1.790      ;
; -0.841 ; clk_div:clk_div_inst|tick_cnt[1]  ; clk_div:clk_div_inst|tick_cnt[30] ; clkIn        ; clkIn       ; 1.000        ; -0.042     ; 1.786      ;
; -0.834 ; clk_div:clk_div_inst|tick_cnt[1]  ; clk_div:clk_div_inst|tick_cnt[26] ; clkIn        ; clkIn       ; 1.000        ; 0.155      ; 1.976      ;
; -0.831 ; clk_div:clk_div_inst|tick_cnt[1]  ; clk_div:clk_div_inst|tick_cnt[21] ; clkIn        ; clkIn       ; 1.000        ; -0.040     ; 1.778      ;
; -0.831 ; clk_div:clk_div_inst|tick_cnt[0]  ; clk_div:clk_div_inst|tick_cnt[31] ; clkIn        ; clkIn       ; 1.000        ; -0.042     ; 1.776      ;
; -0.817 ; clk_div:clk_div_inst|tick_cnt[0]  ; clk_div:clk_div_inst|tick_cnt[21] ; clkIn        ; clkIn       ; 1.000        ; -0.040     ; 1.764      ;
; -0.802 ; clk_div:clk_div_inst|tick_cnt[20] ; clk_div:clk_div_inst|tick_cnt[20] ; clkIn        ; clkIn       ; 1.000        ; -0.041     ; 1.748      ;
; -0.800 ; clk_div:clk_div_inst|tick_cnt[20] ; clk_div:clk_div_inst|tick_cnt[21] ; clkIn        ; clkIn       ; 1.000        ; -0.041     ; 1.746      ;
; -0.795 ; clk_div:clk_div_inst|tick_cnt[0]  ; clk_div:clk_div_inst|tick_cnt[20] ; clkIn        ; clkIn       ; 1.000        ; -0.040     ; 1.742      ;
; -0.793 ; clk_div:clk_div_inst|tick_cnt[0]  ; clk_div:clk_div_inst|tick_cnt[30] ; clkIn        ; clkIn       ; 1.000        ; -0.042     ; 1.738      ;
; -0.786 ; clk_div:clk_div_inst|tick_cnt[0]  ; clk_div:clk_div_inst|tick_cnt[26] ; clkIn        ; clkIn       ; 1.000        ; 0.155      ; 1.928      ;
; -0.777 ; clk_div:clk_div_inst|tick_cnt[1]  ; clk_div:clk_div_inst|tick_cnt[29] ; clkIn        ; clkIn       ; 1.000        ; -0.042     ; 1.722      ;
; -0.774 ; clk_div:clk_div_inst|tick_cnt[3]  ; clk_div:clk_div_inst|tick_cnt[31] ; clkIn        ; clkIn       ; 1.000        ; -0.042     ; 1.719      ;
; -0.773 ; clk_div:clk_div_inst|tick_cnt[1]  ; clk_div:clk_div_inst|tick_cnt[28] ; clkIn        ; clkIn       ; 1.000        ; -0.042     ; 1.718      ;
; -0.772 ; clk_div:clk_div_inst|tick_cnt[3]  ; clk_div:clk_div_inst|tick_cnt[20] ; clkIn        ; clkIn       ; 1.000        ; -0.040     ; 1.719      ;
; -0.770 ; clk_div:clk_div_inst|tick_cnt[3]  ; clk_div:clk_div_inst|tick_cnt[30] ; clkIn        ; clkIn       ; 1.000        ; -0.042     ; 1.715      ;
; -0.768 ; clk_div:clk_div_inst|tick_cnt[20] ; clk_div:clk_div_inst|clkOut2      ; clkIn        ; clkIn       ; 1.000        ; -0.040     ; 1.715      ;
; -0.768 ; clk_div:clk_div_inst|tick_cnt[20] ; clk_div:clk_div_inst|clkOut       ; clkIn        ; clkIn       ; 1.000        ; -0.040     ; 1.715      ;
; -0.764 ; clk_div:clk_div_inst|tick_cnt[2]  ; clk_div:clk_div_inst|tick_cnt[31] ; clkIn        ; clkIn       ; 1.000        ; -0.042     ; 1.709      ;
; -0.763 ; clk_div:clk_div_inst|tick_cnt[3]  ; clk_div:clk_div_inst|tick_cnt[26] ; clkIn        ; clkIn       ; 1.000        ; 0.155      ; 1.905      ;
; -0.763 ; clk_div:clk_div_inst|tick_cnt[0]  ; clk_div:clk_div_inst|tick_cnt[29] ; clkIn        ; clkIn       ; 1.000        ; -0.042     ; 1.708      ;
; -0.760 ; clk_div:clk_div_inst|tick_cnt[3]  ; clk_div:clk_div_inst|tick_cnt[21] ; clkIn        ; clkIn       ; 1.000        ; -0.040     ; 1.707      ;
; -0.750 ; clk_div:clk_div_inst|tick_cnt[2]  ; clk_div:clk_div_inst|tick_cnt[21] ; clkIn        ; clkIn       ; 1.000        ; -0.040     ; 1.697      ;
; -0.728 ; clk_div:clk_div_inst|tick_cnt[2]  ; clk_div:clk_div_inst|tick_cnt[20] ; clkIn        ; clkIn       ; 1.000        ; -0.040     ; 1.675      ;
; -0.726 ; clk_div:clk_div_inst|tick_cnt[2]  ; clk_div:clk_div_inst|tick_cnt[30] ; clkIn        ; clkIn       ; 1.000        ; -0.042     ; 1.671      ;
; -0.725 ; clk_div:clk_div_inst|tick_cnt[0]  ; clk_div:clk_div_inst|tick_cnt[28] ; clkIn        ; clkIn       ; 1.000        ; -0.042     ; 1.670      ;
; -0.721 ; clk_div:clk_div_inst|tick_cnt[18] ; clk_div:clk_div_inst|tick_cnt[20] ; clkIn        ; clkIn       ; 1.000        ; -0.039     ; 1.669      ;
; -0.721 ; clk_div:clk_div_inst|tick_cnt[21] ; clk_div:clk_div_inst|tick_cnt[20] ; clkIn        ; clkIn       ; 1.000        ; -0.041     ; 1.667      ;
; -0.719 ; clk_div:clk_div_inst|tick_cnt[2]  ; clk_div:clk_div_inst|tick_cnt[26] ; clkIn        ; clkIn       ; 1.000        ; 0.155      ; 1.861      ;
; -0.719 ; clk_div:clk_div_inst|tick_cnt[18] ; clk_div:clk_div_inst|tick_cnt[21] ; clkIn        ; clkIn       ; 1.000        ; -0.039     ; 1.667      ;
; -0.719 ; clk_div:clk_div_inst|tick_cnt[21] ; clk_div:clk_div_inst|tick_cnt[21] ; clkIn        ; clkIn       ; 1.000        ; -0.041     ; 1.665      ;
; -0.717 ; clk_div:clk_div_inst|tick_cnt[1]  ; clk_div:clk_div_inst|tick_cnt[22] ; clkIn        ; clkIn       ; 1.000        ; 0.155      ; 1.859      ;
; -0.715 ; clk_div:clk_div_inst|tick_cnt[7]  ; clk_div:clk_div_inst|tick_cnt[31] ; clkIn        ; clkIn       ; 1.000        ; -0.044     ; 1.658      ;
; -0.713 ; clk_div:clk_div_inst|tick_cnt[7]  ; clk_div:clk_div_inst|tick_cnt[20] ; clkIn        ; clkIn       ; 1.000        ; -0.042     ; 1.658      ;
; -0.712 ; clk_div:clk_div_inst|tick_cnt[20] ; clk_div:clk_div_inst|tick_cnt[6]  ; clkIn        ; clkIn       ; 1.000        ; -0.040     ; 1.659      ;
; -0.711 ; clk_div:clk_div_inst|tick_cnt[7]  ; clk_div:clk_div_inst|tick_cnt[30] ; clkIn        ; clkIn       ; 1.000        ; -0.044     ; 1.654      ;
; -0.709 ; clk_div:clk_div_inst|tick_cnt[20] ; clk_div:clk_div_inst|tick_cnt[7]  ; clkIn        ; clkIn       ; 1.000        ; -0.040     ; 1.656      ;
; -0.706 ; clk_div:clk_div_inst|tick_cnt[5]  ; clk_div:clk_div_inst|tick_cnt[31] ; clkIn        ; clkIn       ; 1.000        ; -0.042     ; 1.651      ;
; -0.706 ; clk_div:clk_div_inst|tick_cnt[3]  ; clk_div:clk_div_inst|tick_cnt[29] ; clkIn        ; clkIn       ; 1.000        ; -0.042     ; 1.651      ;
; -0.704 ; clk_div:clk_div_inst|tick_cnt[5]  ; clk_div:clk_div_inst|tick_cnt[20] ; clkIn        ; clkIn       ; 1.000        ; -0.040     ; 1.651      ;
; -0.704 ; clk_div:clk_div_inst|tick_cnt[7]  ; clk_div:clk_div_inst|tick_cnt[26] ; clkIn        ; clkIn       ; 1.000        ; 0.153      ; 1.844      ;
; -0.702 ; clk_div:clk_div_inst|tick_cnt[5]  ; clk_div:clk_div_inst|tick_cnt[30] ; clkIn        ; clkIn       ; 1.000        ; -0.042     ; 1.647      ;
; -0.702 ; clk_div:clk_div_inst|tick_cnt[3]  ; clk_div:clk_div_inst|tick_cnt[28] ; clkIn        ; clkIn       ; 1.000        ; -0.042     ; 1.647      ;
; -0.701 ; clk_div:clk_div_inst|tick_cnt[7]  ; clk_div:clk_div_inst|tick_cnt[21] ; clkIn        ; clkIn       ; 1.000        ; -0.042     ; 1.646      ;
; -0.700 ; clk_div:clk_div_inst|tick_cnt[6]  ; clk_div:clk_div_inst|tick_cnt[31] ; clkIn        ; clkIn       ; 1.000        ; -0.044     ; 1.643      ;
; -0.698 ; clk_div:clk_div_inst|tick_cnt[20] ; clk_div:clk_div_inst|tick_cnt[19] ; clkIn        ; clkIn       ; 1.000        ; -0.041     ; 1.644      ;
; -0.696 ; clk_div:clk_div_inst|tick_cnt[4]  ; clk_div:clk_div_inst|tick_cnt[31] ; clkIn        ; clkIn       ; 1.000        ; -0.042     ; 1.641      ;
; -0.696 ; clk_div:clk_div_inst|tick_cnt[2]  ; clk_div:clk_div_inst|tick_cnt[29] ; clkIn        ; clkIn       ; 1.000        ; -0.042     ; 1.641      ;
; -0.695 ; clk_div:clk_div_inst|tick_cnt[5]  ; clk_div:clk_div_inst|tick_cnt[26] ; clkIn        ; clkIn       ; 1.000        ; 0.155      ; 1.837      ;
; -0.692 ; clk_div:clk_div_inst|tick_cnt[1]  ; clk_div:clk_div_inst|tick_cnt[19] ; clkIn        ; clkIn       ; 1.000        ; -0.040     ; 1.639      ;
; -0.692 ; clk_div:clk_div_inst|tick_cnt[5]  ; clk_div:clk_div_inst|tick_cnt[21] ; clkIn        ; clkIn       ; 1.000        ; -0.040     ; 1.639      ;
; -0.687 ; clk_div:clk_div_inst|tick_cnt[18] ; clk_div:clk_div_inst|clkOut2      ; clkIn        ; clkIn       ; 1.000        ; -0.038     ; 1.636      ;
; -0.687 ; clk_div:clk_div_inst|tick_cnt[21] ; clk_div:clk_div_inst|clkOut2      ; clkIn        ; clkIn       ; 1.000        ; -0.040     ; 1.634      ;
; -0.687 ; clk_div:clk_div_inst|tick_cnt[18] ; clk_div:clk_div_inst|clkOut       ; clkIn        ; clkIn       ; 1.000        ; -0.038     ; 1.636      ;
; -0.687 ; clk_div:clk_div_inst|tick_cnt[21] ; clk_div:clk_div_inst|clkOut       ; clkIn        ; clkIn       ; 1.000        ; -0.040     ; 1.634      ;
; -0.686 ; clk_div:clk_div_inst|tick_cnt[6]  ; clk_div:clk_div_inst|tick_cnt[21] ; clkIn        ; clkIn       ; 1.000        ; -0.042     ; 1.631      ;
; -0.682 ; clk_div:clk_div_inst|tick_cnt[4]  ; clk_div:clk_div_inst|tick_cnt[21] ; clkIn        ; clkIn       ; 1.000        ; -0.040     ; 1.629      ;
; -0.681 ; clk_div:clk_div_inst|tick_cnt[22] ; clk_div:clk_div_inst|tick_cnt[20] ; clkIn        ; clkIn       ; 1.000        ; -0.244     ; 1.424      ;
; -0.679 ; clk_div:clk_div_inst|tick_cnt[22] ; clk_div:clk_div_inst|tick_cnt[21] ; clkIn        ; clkIn       ; 1.000        ; -0.244     ; 1.422      ;
; -0.678 ; clk_div:clk_div_inst|tick_cnt[0]  ; clk_div:clk_div_inst|tick_cnt[19] ; clkIn        ; clkIn       ; 1.000        ; -0.040     ; 1.625      ;
; -0.672 ; clk_div:clk_div_inst|tick_cnt[29] ; clk_div:clk_div_inst|tick_cnt[20] ; clkIn        ; clkIn       ; 1.000        ; -0.039     ; 1.620      ;
; -0.670 ; clk_div:clk_div_inst|tick_cnt[29] ; clk_div:clk_div_inst|tick_cnt[21] ; clkIn        ; clkIn       ; 1.000        ; -0.039     ; 1.618      ;
; -0.669 ; clk_div:clk_div_inst|tick_cnt[0]  ; clk_div:clk_div_inst|tick_cnt[22] ; clkIn        ; clkIn       ; 1.000        ; 0.155      ; 1.811      ;
; -0.668 ; clk_div:clk_div_inst|tick_cnt[6]  ; clk_div:clk_div_inst|tick_cnt[20] ; clkIn        ; clkIn       ; 1.000        ; -0.042     ; 1.613      ;
; -0.668 ; clk_div:clk_div_inst|tick_cnt[8]  ; clk_div:clk_div_inst|tick_cnt[20] ; clkIn        ; clkIn       ; 1.000        ; -0.040     ; 1.615      ;
; -0.666 ; clk_div:clk_div_inst|tick_cnt[6]  ; clk_div:clk_div_inst|tick_cnt[30] ; clkIn        ; clkIn       ; 1.000        ; -0.044     ; 1.609      ;
; -0.666 ; clk_div:clk_div_inst|tick_cnt[19] ; clk_div:clk_div_inst|tick_cnt[20] ; clkIn        ; clkIn       ; 1.000        ; -0.041     ; 1.612      ;
; -0.666 ; clk_div:clk_div_inst|tick_cnt[8]  ; clk_div:clk_div_inst|tick_cnt[21] ; clkIn        ; clkIn       ; 1.000        ; -0.040     ; 1.613      ;
; -0.664 ; clk_div:clk_div_inst|tick_cnt[19] ; clk_div:clk_div_inst|tick_cnt[21] ; clkIn        ; clkIn       ; 1.000        ; -0.041     ; 1.610      ;
; -0.660 ; clk_div:clk_div_inst|tick_cnt[4]  ; clk_div:clk_div_inst|tick_cnt[20] ; clkIn        ; clkIn       ; 1.000        ; -0.040     ; 1.607      ;
; -0.659 ; clk_div:clk_div_inst|tick_cnt[6]  ; clk_div:clk_div_inst|tick_cnt[26] ; clkIn        ; clkIn       ; 1.000        ; 0.153      ; 1.799      ;
; -0.658 ; clk_div:clk_div_inst|tick_cnt[4]  ; clk_div:clk_div_inst|tick_cnt[30] ; clkIn        ; clkIn       ; 1.000        ; -0.042     ; 1.603      ;
; -0.658 ; clk_div:clk_div_inst|tick_cnt[2]  ; clk_div:clk_div_inst|tick_cnt[28] ; clkIn        ; clkIn       ; 1.000        ; -0.042     ; 1.603      ;
; -0.658 ; clk_div:clk_div_inst|tick_cnt[31] ; clk_div:clk_div_inst|tick_cnt[20] ; clkIn        ; clkIn       ; 1.000        ; -0.039     ; 1.606      ;
; -0.657 ; clk_div:clk_div_inst|tick_cnt[0]  ; clk_div:clk_div_inst|clkOut2      ; clkIn        ; clkIn       ; 1.000        ; -0.039     ; 1.605      ;
; -0.657 ; clk_div:clk_div_inst|tick_cnt[0]  ; clk_div:clk_div_inst|clkOut       ; clkIn        ; clkIn       ; 1.000        ; -0.039     ; 1.605      ;
; -0.656 ; clk_div:clk_div_inst|tick_cnt[31] ; clk_div:clk_div_inst|tick_cnt[21] ; clkIn        ; clkIn       ; 1.000        ; -0.039     ; 1.604      ;
; -0.651 ; clk_div:clk_div_inst|tick_cnt[4]  ; clk_div:clk_div_inst|tick_cnt[26] ; clkIn        ; clkIn       ; 1.000        ; 0.155      ; 1.793      ;
; -0.647 ; clk_div:clk_div_inst|tick_cnt[7]  ; clk_div:clk_div_inst|tick_cnt[29] ; clkIn        ; clkIn       ; 1.000        ; -0.044     ; 1.590      ;
; -0.647 ; clk_div:clk_div_inst|tick_cnt[22] ; clk_div:clk_div_inst|clkOut2      ; clkIn        ; clkIn       ; 1.000        ; -0.243     ; 1.391      ;
; -0.647 ; clk_div:clk_div_inst|tick_cnt[22] ; clk_div:clk_div_inst|clkOut       ; clkIn        ; clkIn       ; 1.000        ; -0.243     ; 1.391      ;
; -0.646 ; clk_div:clk_div_inst|tick_cnt[3]  ; clk_div:clk_div_inst|tick_cnt[22] ; clkIn        ; clkIn       ; 1.000        ; 0.155      ; 1.788      ;
; -0.643 ; clk_div:clk_div_inst|tick_cnt[7]  ; clk_div:clk_div_inst|tick_cnt[28] ; clkIn        ; clkIn       ; 1.000        ; -0.044     ; 1.586      ;
; -0.643 ; clk_div:clk_div_inst|tick_cnt[1]  ; clk_div:clk_div_inst|clkOut2      ; clkIn        ; clkIn       ; 1.000        ; -0.039     ; 1.591      ;
; -0.643 ; clk_div:clk_div_inst|tick_cnt[1]  ; clk_div:clk_div_inst|clkOut       ; clkIn        ; clkIn       ; 1.000        ; -0.039     ; 1.591      ;
; -0.641 ; clk_div:clk_div_inst|tick_cnt[1]  ; clk_div:clk_div_inst|tick_cnt[25] ; clkIn        ; clkIn       ; 1.000        ; -0.042     ; 1.586      ;
; -0.640 ; clk_div:clk_div_inst|tick_cnt[30] ; clk_div:clk_div_inst|tick_cnt[20] ; clkIn        ; clkIn       ; 1.000        ; -0.039     ; 1.588      ;
; -0.639 ; clk_div:clk_div_inst|tick_cnt[8]  ; clk_div:clk_div_inst|clkOut2      ; clkIn        ; clkIn       ; 1.000        ; -0.039     ; 1.587      ;
; -0.639 ; clk_div:clk_div_inst|tick_cnt[8]  ; clk_div:clk_div_inst|clkOut       ; clkIn        ; clkIn       ; 1.000        ; -0.039     ; 1.587      ;
; -0.638 ; clk_div:clk_div_inst|tick_cnt[5]  ; clk_div:clk_div_inst|tick_cnt[29] ; clkIn        ; clkIn       ; 1.000        ; -0.042     ; 1.583      ;
; -0.638 ; clk_div:clk_div_inst|tick_cnt[29] ; clk_div:clk_div_inst|clkOut2      ; clkIn        ; clkIn       ; 1.000        ; -0.038     ; 1.587      ;
; -0.638 ; clk_div:clk_div_inst|tick_cnt[29] ; clk_div:clk_div_inst|clkOut       ; clkIn        ; clkIn       ; 1.000        ; -0.038     ; 1.587      ;
; -0.638 ; clk_div:clk_div_inst|tick_cnt[30] ; clk_div:clk_div_inst|tick_cnt[21] ; clkIn        ; clkIn       ; 1.000        ; -0.039     ; 1.586      ;
; -0.637 ; clk_div:clk_div_inst|tick_cnt[1]  ; clk_div:clk_div_inst|tick_cnt[24] ; clkIn        ; clkIn       ; 1.000        ; -0.042     ; 1.582      ;
; -0.636 ; clk_div:clk_div_inst|tick_cnt[5]  ; clk_div:clk_div_inst|clkOut2      ; clkIn        ; clkIn       ; 1.000        ; -0.039     ; 1.584      ;
; -0.636 ; clk_div:clk_div_inst|tick_cnt[5]  ; clk_div:clk_div_inst|clkOut       ; clkIn        ; clkIn       ; 1.000        ; -0.039     ; 1.584      ;
; -0.634 ; clk_div:clk_div_inst|tick_cnt[5]  ; clk_div:clk_div_inst|tick_cnt[28] ; clkIn        ; clkIn       ; 1.000        ; -0.042     ; 1.579      ;
; -0.632 ; clk_div:clk_div_inst|tick_cnt[6]  ; clk_div:clk_div_inst|tick_cnt[29] ; clkIn        ; clkIn       ; 1.000        ; -0.044     ; 1.575      ;
; -0.632 ; clk_div:clk_div_inst|tick_cnt[19] ; clk_div:clk_div_inst|clkOut2      ; clkIn        ; clkIn       ; 1.000        ; -0.040     ; 1.579      ;
+--------+-----------------------------------+-----------------------------------+--------------+-------------+--------------+------------+------------+


+------------------------------------------------------------------------------------------------------------------------------------------------------------------------+
; Fast 1200mV 0C Model Setup: 'clk_div:clk_div_inst|clkOut'                                                                                                              ;
+-------+-----------------------------+-----------------------------+-----------------------------+-----------------------------+--------------+------------+------------+
; Slack ; From Node                   ; To Node                     ; Launch Clock                ; Latch Clock                 ; Relationship ; Clock Skew ; Data Delay ;
+-------+-----------------------------+-----------------------------+-----------------------------+-----------------------------+--------------+------------+------------+
; 0.553 ; seq_101:seq_101_inst|pre.S1 ; seq_101:seq_101_inst|pre.S2 ; clk_div:clk_div_inst|clkOut ; clk_div:clk_div_inst|clkOut ; 1.000        ; -0.041     ; 0.393      ;
; 0.555 ; seq_101:seq_101_inst|pre.S1 ; seq_101:seq_101_inst|pre.S0 ; clk_div:clk_div_inst|clkOut ; clk_div:clk_div_inst|clkOut ; 1.000        ; -0.041     ; 0.391      ;
; 0.563 ; seq_101:seq_101_inst|pre.S2 ; seq_101:seq_101_inst|pre.S1 ; clk_div:clk_div_inst|clkOut ; clk_div:clk_div_inst|clkOut ; 1.000        ; -0.041     ; 0.383      ;
+-------+-----------------------------+-----------------------------+-----------------------------+-----------------------------+--------------+------------+------------+


+------------------------------------------------------------------------------------------------------------------------------------------------------------------------+
; Fast 1200mV 0C Model Hold: 'clk_div:clk_div_inst|clkOut'                                                                                                               ;
+-------+-----------------------------+-----------------------------+-----------------------------+-----------------------------+--------------+------------+------------+
; Slack ; From Node                   ; To Node                     ; Launch Clock                ; Latch Clock                 ; Relationship ; Clock Skew ; Data Delay ;
+-------+-----------------------------+-----------------------------+-----------------------------+-----------------------------+--------------+------------+------------+
; 0.205 ; seq_101:seq_101_inst|pre.S1 ; seq_101:seq_101_inst|pre.S0 ; clk_div:clk_div_inst|clkOut ; clk_div:clk_div_inst|clkOut ; 0.000        ; 0.041      ; 0.330      ;
; 0.206 ; seq_101:seq_101_inst|pre.S2 ; seq_101:seq_101_inst|pre.S1 ; clk_div:clk_div_inst|clkOut ; clk_div:clk_div_inst|clkOut ; 0.000        ; 0.041      ; 0.331      ;
; 0.206 ; seq_101:seq_101_inst|pre.S1 ; seq_101:seq_101_inst|pre.S2 ; clk_div:clk_div_inst|clkOut ; clk_div:clk_div_inst|clkOut ; 0.000        ; 0.041      ; 0.331      ;
+-------+-----------------------------+-----------------------------+-----------------------------+-----------------------------+--------------+------------+------------+


+--------------------------------------------------------------------------------------------------------------------------------------------------------------------+
; Fast 1200mV 0C Model Hold: 'clkIn'                                                                                                                                 ;
+-------+-----------------------------------+-----------------------------------+-----------------------------+-------------+--------------+------------+------------+
; Slack ; From Node                         ; To Node                           ; Launch Clock                ; Latch Clock ; Relationship ; Clock Skew ; Data Delay ;
+-------+-----------------------------------+-----------------------------------+-----------------------------+-------------+--------------+------------+------------+
; 0.293 ; clk_div:clk_div_inst|tick_cnt[27] ; clk_div:clk_div_inst|tick_cnt[27] ; clkIn                       ; clkIn       ; 0.000        ; 0.048      ; 0.425      ;
; 0.298 ; clk_div:clk_div_inst|tick_cnt[15] ; clk_div:clk_div_inst|tick_cnt[15] ; clkIn                       ; clkIn       ; 0.000        ; 0.041      ; 0.423      ;
; 0.299 ; clk_div:clk_div_inst|tick_cnt[31] ; clk_div:clk_div_inst|tick_cnt[31] ; clkIn                       ; clkIn       ; 0.000        ; 0.041      ; 0.424      ;
; 0.299 ; clk_div:clk_div_inst|tick_cnt[5]  ; clk_div:clk_div_inst|tick_cnt[5]  ; clkIn                       ; clkIn       ; 0.000        ; 0.041      ; 0.424      ;
; 0.299 ; clk_div:clk_div_inst|tick_cnt[3]  ; clk_div:clk_div_inst|tick_cnt[3]  ; clkIn                       ; clkIn       ; 0.000        ; 0.041      ; 0.424      ;
; 0.299 ; clk_div:clk_div_inst|tick_cnt[1]  ; clk_div:clk_div_inst|tick_cnt[1]  ; clkIn                       ; clkIn       ; 0.000        ; 0.041      ; 0.424      ;
; 0.300 ; clk_div:clk_div_inst|tick_cnt[17] ; clk_div:clk_div_inst|tick_cnt[17] ; clkIn                       ; clkIn       ; 0.000        ; 0.041      ; 0.425      ;
; 0.300 ; clk_div:clk_div_inst|tick_cnt[29] ; clk_div:clk_div_inst|tick_cnt[29] ; clkIn                       ; clkIn       ; 0.000        ; 0.041      ; 0.425      ;
; 0.301 ; clk_div:clk_div_inst|tick_cnt[23] ; clk_div:clk_div_inst|tick_cnt[23] ; clkIn                       ; clkIn       ; 0.000        ; 0.041      ; 0.426      ;
; 0.301 ; clk_div:clk_div_inst|tick_cnt[25] ; clk_div:clk_div_inst|tick_cnt[25] ; clkIn                       ; clkIn       ; 0.000        ; 0.041      ; 0.426      ;
; 0.301 ; clk_div:clk_div_inst|tick_cnt[18] ; clk_div:clk_div_inst|tick_cnt[18] ; clkIn                       ; clkIn       ; 0.000        ; 0.041      ; 0.426      ;
; 0.301 ; clk_div:clk_div_inst|tick_cnt[16] ; clk_div:clk_div_inst|tick_cnt[16] ; clkIn                       ; clkIn       ; 0.000        ; 0.041      ; 0.426      ;
; 0.301 ; clk_div:clk_div_inst|tick_cnt[9]  ; clk_div:clk_div_inst|tick_cnt[9]  ; clkIn                       ; clkIn       ; 0.000        ; 0.041      ; 0.426      ;
; 0.301 ; clk_div:clk_div_inst|tick_cnt[8]  ; clk_div:clk_div_inst|tick_cnt[8]  ; clkIn                       ; clkIn       ; 0.000        ; 0.041      ; 0.426      ;
; 0.301 ; clk_div:clk_div_inst|tick_cnt[2]  ; clk_div:clk_div_inst|tick_cnt[2]  ; clkIn                       ; clkIn       ; 0.000        ; 0.041      ; 0.426      ;
; 0.302 ; clk_div:clk_div_inst|tick_cnt[30] ; clk_div:clk_div_inst|tick_cnt[30] ; clkIn                       ; clkIn       ; 0.000        ; 0.041      ; 0.427      ;
; 0.302 ; clk_div:clk_div_inst|tick_cnt[24] ; clk_div:clk_div_inst|tick_cnt[24] ; clkIn                       ; clkIn       ; 0.000        ; 0.041      ; 0.427      ;
; 0.302 ; clk_div:clk_div_inst|tick_cnt[12] ; clk_div:clk_div_inst|tick_cnt[12] ; clkIn                       ; clkIn       ; 0.000        ; 0.041      ; 0.427      ;
; 0.302 ; clk_div:clk_div_inst|tick_cnt[10] ; clk_div:clk_div_inst|tick_cnt[10] ; clkIn                       ; clkIn       ; 0.000        ; 0.041      ; 0.427      ;
; 0.302 ; clk_div:clk_div_inst|tick_cnt[4]  ; clk_div:clk_div_inst|tick_cnt[4]  ; clkIn                       ; clkIn       ; 0.000        ; 0.041      ; 0.427      ;
; 0.303 ; clk_div:clk_div_inst|tick_cnt[28] ; clk_div:clk_div_inst|tick_cnt[28] ; clkIn                       ; clkIn       ; 0.000        ; 0.041      ; 0.428      ;
; 0.311 ; clk_div:clk_div_inst|tick_cnt[0]  ; clk_div:clk_div_inst|tick_cnt[0]  ; clkIn                       ; clkIn       ; 0.000        ; 0.041      ; 0.436      ;
; 0.311 ; clk_div:clk_div_inst|tick_cnt[25] ; clk_div:clk_div_inst|tick_cnt[27] ; clkIn                       ; clkIn       ; 0.000        ; 0.243      ; 0.638      ;
; 0.324 ; clk_div:clk_div_inst|tick_cnt[24] ; clk_div:clk_div_inst|tick_cnt[27] ; clkIn                       ; clkIn       ; 0.000        ; 0.243      ; 0.651      ;
; 0.377 ; clk_div:clk_div_inst|tick_cnt[23] ; clk_div:clk_div_inst|tick_cnt[27] ; clkIn                       ; clkIn       ; 0.000        ; 0.243      ; 0.704      ;
; 0.414 ; clk_div:clk_div_inst|clkOut       ; clk_div:clk_div_inst|clkOut       ; clk_div:clk_div_inst|clkOut ; clkIn       ; 0.000        ; 1.620      ; 2.253      ;
; 0.448 ; clk_div:clk_div_inst|tick_cnt[15] ; clk_div:clk_div_inst|tick_cnt[16] ; clkIn                       ; clkIn       ; 0.000        ; 0.040      ; 0.572      ;
; 0.448 ; clk_div:clk_div_inst|tick_cnt[1]  ; clk_div:clk_div_inst|tick_cnt[2]  ; clkIn                       ; clkIn       ; 0.000        ; 0.041      ; 0.573      ;
; 0.448 ; clk_div:clk_div_inst|tick_cnt[3]  ; clk_div:clk_div_inst|tick_cnt[4]  ; clkIn                       ; clkIn       ; 0.000        ; 0.041      ; 0.573      ;
; 0.449 ; clk_div:clk_div_inst|tick_cnt[17] ; clk_div:clk_div_inst|tick_cnt[18] ; clkIn                       ; clkIn       ; 0.000        ; 0.041      ; 0.574      ;
; 0.449 ; clk_div:clk_div_inst|tick_cnt[29] ; clk_div:clk_div_inst|tick_cnt[30] ; clkIn                       ; clkIn       ; 0.000        ; 0.041      ; 0.574      ;
; 0.450 ; clk_div:clk_div_inst|tick_cnt[23] ; clk_div:clk_div_inst|tick_cnt[24] ; clkIn                       ; clkIn       ; 0.000        ; 0.041      ; 0.575      ;
; 0.450 ; clk_div:clk_div_inst|tick_cnt[9]  ; clk_div:clk_div_inst|tick_cnt[10] ; clkIn                       ; clkIn       ; 0.000        ; 0.041      ; 0.575      ;
; 0.451 ; clk_div:clk_div_inst|clkOut       ; clk_div:clk_div_inst|clkOut2      ; clk_div:clk_div_inst|clkOut ; clkIn       ; 0.000        ; 1.620      ; 2.290      ;
; 0.458 ; clk_div:clk_div_inst|tick_cnt[0]  ; clk_div:clk_div_inst|tick_cnt[1]  ; clkIn                       ; clkIn       ; 0.000        ; 0.041      ; 0.583      ;
; 0.459 ; clk_div:clk_div_inst|tick_cnt[2]  ; clk_div:clk_div_inst|tick_cnt[3]  ; clkIn                       ; clkIn       ; 0.000        ; 0.041      ; 0.584      ;
; 0.459 ; clk_div:clk_div_inst|tick_cnt[16] ; clk_div:clk_div_inst|tick_cnt[17] ; clkIn                       ; clkIn       ; 0.000        ; 0.041      ; 0.584      ;
; 0.459 ; clk_div:clk_div_inst|tick_cnt[8]  ; clk_div:clk_div_inst|tick_cnt[9]  ; clkIn                       ; clkIn       ; 0.000        ; 0.041      ; 0.584      ;
; 0.460 ; clk_div:clk_div_inst|tick_cnt[30] ; clk_div:clk_div_inst|tick_cnt[31] ; clkIn                       ; clkIn       ; 0.000        ; 0.041      ; 0.585      ;
; 0.460 ; clk_div:clk_div_inst|tick_cnt[4]  ; clk_div:clk_div_inst|tick_cnt[5]  ; clkIn                       ; clkIn       ; 0.000        ; 0.041      ; 0.585      ;
; 0.460 ; clk_div:clk_div_inst|tick_cnt[24] ; clk_div:clk_div_inst|tick_cnt[25] ; clkIn                       ; clkIn       ; 0.000        ; 0.041      ; 0.585      ;
; 0.461 ; clk_div:clk_div_inst|tick_cnt[28] ; clk_div:clk_div_inst|tick_cnt[29] ; clkIn                       ; clkIn       ; 0.000        ; 0.041      ; 0.586      ;
; 0.461 ; clk_div:clk_div_inst|tick_cnt[0]  ; clk_div:clk_div_inst|tick_cnt[2]  ; clkIn                       ; clkIn       ; 0.000        ; 0.041      ; 0.586      ;
; 0.462 ; clk_div:clk_div_inst|tick_cnt[2]  ; clk_div:clk_div_inst|tick_cnt[4]  ; clkIn                       ; clkIn       ; 0.000        ; 0.041      ; 0.587      ;
; 0.462 ; clk_div:clk_div_inst|tick_cnt[16] ; clk_div:clk_div_inst|tick_cnt[18] ; clkIn                       ; clkIn       ; 0.000        ; 0.041      ; 0.587      ;
; 0.462 ; clk_div:clk_div_inst|tick_cnt[8]  ; clk_div:clk_div_inst|tick_cnt[10] ; clkIn                       ; clkIn       ; 0.000        ; 0.041      ; 0.587      ;
; 0.463 ; clk_div:clk_div_inst|tick_cnt[10] ; clk_div:clk_div_inst|tick_cnt[12] ; clkIn                       ; clkIn       ; 0.000        ; 0.041      ; 0.588      ;
; 0.464 ; clk_div:clk_div_inst|tick_cnt[28] ; clk_div:clk_div_inst|tick_cnt[30] ; clkIn                       ; clkIn       ; 0.000        ; 0.041      ; 0.589      ;
; 0.511 ; clk_div:clk_div_inst|tick_cnt[21] ; clk_div:clk_div_inst|tick_cnt[27] ; clkIn                       ; clkIn       ; 0.000        ; 0.241      ; 0.836      ;
; 0.511 ; clk_div:clk_div_inst|tick_cnt[1]  ; clk_div:clk_div_inst|tick_cnt[3]  ; clkIn                       ; clkIn       ; 0.000        ; 0.041      ; 0.636      ;
; 0.511 ; clk_div:clk_div_inst|tick_cnt[15] ; clk_div:clk_div_inst|tick_cnt[17] ; clkIn                       ; clkIn       ; 0.000        ; 0.040      ; 0.635      ;
; 0.511 ; clk_div:clk_div_inst|tick_cnt[3]  ; clk_div:clk_div_inst|tick_cnt[5]  ; clkIn                       ; clkIn       ; 0.000        ; 0.041      ; 0.636      ;
; 0.512 ; clk_div:clk_div_inst|tick_cnt[29] ; clk_div:clk_div_inst|tick_cnt[31] ; clkIn                       ; clkIn       ; 0.000        ; 0.041      ; 0.637      ;
; 0.513 ; clk_div:clk_div_inst|tick_cnt[23] ; clk_div:clk_div_inst|tick_cnt[25] ; clkIn                       ; clkIn       ; 0.000        ; 0.041      ; 0.638      ;
; 0.514 ; clk_div:clk_div_inst|tick_cnt[5]  ; clk_div:clk_div_inst|tick_cnt[8]  ; clkIn                       ; clkIn       ; 0.000        ; 0.041      ; 0.639      ;
; 0.514 ; clk_div:clk_div_inst|tick_cnt[1]  ; clk_div:clk_div_inst|tick_cnt[4]  ; clkIn                       ; clkIn       ; 0.000        ; 0.041      ; 0.639      ;
; 0.514 ; clk_div:clk_div_inst|tick_cnt[15] ; clk_div:clk_div_inst|tick_cnt[18] ; clkIn                       ; clkIn       ; 0.000        ; 0.040      ; 0.638      ;
; 0.516 ; clk_div:clk_div_inst|tick_cnt[25] ; clk_div:clk_div_inst|tick_cnt[28] ; clkIn                       ; clkIn       ; 0.000        ; 0.041      ; 0.641      ;
; 0.516 ; clk_div:clk_div_inst|tick_cnt[11] ; clk_div:clk_div_inst|tick_cnt[12] ; clkIn                       ; clkIn       ; 0.000        ; 0.039      ; 0.639      ;
; 0.516 ; clk_div:clk_div_inst|tick_cnt[9]  ; clk_div:clk_div_inst|tick_cnt[12] ; clkIn                       ; clkIn       ; 0.000        ; 0.041      ; 0.641      ;
; 0.518 ; clk_div:clk_div_inst|tick_cnt[7]  ; clk_div:clk_div_inst|tick_cnt[8]  ; clkIn                       ; clkIn       ; 0.000        ; 0.039      ; 0.641      ;
; 0.520 ; clk_div:clk_div_inst|tick_cnt[26] ; clk_div:clk_div_inst|tick_cnt[27] ; clkIn                       ; clkIn       ; 0.000        ; 0.046      ; 0.650      ;
; 0.521 ; clk_div:clk_div_inst|tick_cnt[18] ; clk_div:clk_div_inst|tick_cnt[27] ; clkIn                       ; clkIn       ; 0.000        ; 0.243      ; 0.848      ;
; 0.524 ; clk_div:clk_div_inst|tick_cnt[25] ; clk_div:clk_div_inst|tick_cnt[26] ; clkIn                       ; clkIn       ; 0.000        ; 0.246      ; 0.854      ;
; 0.524 ; clk_div:clk_div_inst|tick_cnt[0]  ; clk_div:clk_div_inst|tick_cnt[3]  ; clkIn                       ; clkIn       ; 0.000        ; 0.041      ; 0.649      ;
; 0.525 ; clk_div:clk_div_inst|tick_cnt[2]  ; clk_div:clk_div_inst|tick_cnt[5]  ; clkIn                       ; clkIn       ; 0.000        ; 0.041      ; 0.650      ;
; 0.525 ; clk_div:clk_div_inst|tick_cnt[20] ; clk_div:clk_div_inst|tick_cnt[27] ; clkIn                       ; clkIn       ; 0.000        ; 0.241      ; 0.850      ;
; 0.526 ; clk_div:clk_div_inst|tick_cnt[12] ; clk_div:clk_div_inst|tick_cnt[15] ; clkIn                       ; clkIn       ; 0.000        ; 0.041      ; 0.651      ;
; 0.527 ; clk_div:clk_div_inst|tick_cnt[28] ; clk_div:clk_div_inst|tick_cnt[31] ; clkIn                       ; clkIn       ; 0.000        ; 0.041      ; 0.652      ;
; 0.527 ; clk_div:clk_div_inst|tick_cnt[0]  ; clk_div:clk_div_inst|tick_cnt[4]  ; clkIn                       ; clkIn       ; 0.000        ; 0.041      ; 0.652      ;
; 0.528 ; clk_div:clk_div_inst|tick_cnt[8]  ; clk_div:clk_div_inst|tick_cnt[12] ; clkIn                       ; clkIn       ; 0.000        ; 0.041      ; 0.653      ;
; 0.529 ; clk_div:clk_div_inst|tick_cnt[4]  ; clk_div:clk_div_inst|tick_cnt[8]  ; clkIn                       ; clkIn       ; 0.000        ; 0.041      ; 0.654      ;
; 0.529 ; clk_div:clk_div_inst|tick_cnt[24] ; clk_div:clk_div_inst|tick_cnt[28] ; clkIn                       ; clkIn       ; 0.000        ; 0.041      ; 0.654      ;
; 0.530 ; clk_div:clk_div_inst|tick_cnt[12] ; clk_div:clk_div_inst|tick_cnt[16] ; clkIn                       ; clkIn       ; 0.000        ; 0.040      ; 0.654      ;
; 0.530 ; clk_div:clk_div_inst|tick_cnt[14] ; clk_div:clk_div_inst|tick_cnt[15] ; clkIn                       ; clkIn       ; 0.000        ; 0.039      ; 0.653      ;
; 0.531 ; clk_div:clk_div_inst|tick_cnt[6]  ; clk_div:clk_div_inst|tick_cnt[8]  ; clkIn                       ; clkIn       ; 0.000        ; 0.039      ; 0.654      ;
; 0.534 ; clk_div:clk_div_inst|tick_cnt[14] ; clk_div:clk_div_inst|tick_cnt[16] ; clkIn                       ; clkIn       ; 0.000        ; 0.038      ; 0.656      ;
; 0.537 ; clk_div:clk_div_inst|tick_cnt[24] ; clk_div:clk_div_inst|tick_cnt[26] ; clkIn                       ; clkIn       ; 0.000        ; 0.246      ; 0.867      ;
; 0.574 ; clk_div:clk_div_inst|tick_cnt[17] ; clk_div:clk_div_inst|tick_cnt[27] ; clkIn                       ; clkIn       ; 0.000        ; 0.243      ; 0.901      ;
; 0.577 ; clk_div:clk_div_inst|tick_cnt[5]  ; clk_div:clk_div_inst|tick_cnt[9]  ; clkIn                       ; clkIn       ; 0.000        ; 0.041      ; 0.702      ;
; 0.577 ; clk_div:clk_div_inst|tick_cnt[1]  ; clk_div:clk_div_inst|tick_cnt[5]  ; clkIn                       ; clkIn       ; 0.000        ; 0.041      ; 0.702      ;
; 0.579 ; clk_div:clk_div_inst|tick_cnt[25] ; clk_div:clk_div_inst|tick_cnt[29] ; clkIn                       ; clkIn       ; 0.000        ; 0.041      ; 0.704      ;
; 0.580 ; clk_div:clk_div_inst|tick_cnt[5]  ; clk_div:clk_div_inst|tick_cnt[10] ; clkIn                       ; clkIn       ; 0.000        ; 0.041      ; 0.705      ;
; 0.580 ; clk_div:clk_div_inst|tick_cnt[3]  ; clk_div:clk_div_inst|tick_cnt[8]  ; clkIn                       ; clkIn       ; 0.000        ; 0.041      ; 0.705      ;
; 0.581 ; clk_div:clk_div_inst|tick_cnt[21] ; clk_div:clk_div_inst|tick_cnt[23] ; clkIn                       ; clkIn       ; 0.000        ; 0.039      ; 0.704      ;
; 0.581 ; clk_div:clk_div_inst|tick_cnt[7]  ; clk_div:clk_div_inst|tick_cnt[9]  ; clkIn                       ; clkIn       ; 0.000        ; 0.039      ; 0.704      ;
; 0.582 ; clk_div:clk_div_inst|tick_cnt[25] ; clk_div:clk_div_inst|tick_cnt[30] ; clkIn                       ; clkIn       ; 0.000        ; 0.041      ; 0.707      ;
; 0.582 ; clk_div:clk_div_inst|tick_cnt[23] ; clk_div:clk_div_inst|tick_cnt[28] ; clkIn                       ; clkIn       ; 0.000        ; 0.041      ; 0.707      ;
; 0.584 ; clk_div:clk_div_inst|tick_cnt[21] ; clk_div:clk_div_inst|tick_cnt[24] ; clkIn                       ; clkIn       ; 0.000        ; 0.039      ; 0.707      ;
; 0.584 ; clk_div:clk_div_inst|tick_cnt[7]  ; clk_div:clk_div_inst|tick_cnt[10] ; clkIn                       ; clkIn       ; 0.000        ; 0.039      ; 0.707      ;
; 0.587 ; clk_div:clk_div_inst|tick_cnt[16] ; clk_div:clk_div_inst|tick_cnt[27] ; clkIn                       ; clkIn       ; 0.000        ; 0.243      ; 0.914      ;
; 0.590 ; clk_div:clk_div_inst|tick_cnt[23] ; clk_div:clk_div_inst|tick_cnt[26] ; clkIn                       ; clkIn       ; 0.000        ; 0.246      ; 0.920      ;
; 0.590 ; clk_div:clk_div_inst|tick_cnt[0]  ; clk_div:clk_div_inst|tick_cnt[5]  ; clkIn                       ; clkIn       ; 0.000        ; 0.041      ; 0.715      ;
; 0.591 ; clk_div:clk_div_inst|tick_cnt[19] ; clk_div:clk_div_inst|tick_cnt[27] ; clkIn                       ; clkIn       ; 0.000        ; 0.241      ; 0.916      ;
; 0.591 ; clk_div:clk_div_inst|tick_cnt[18] ; clk_div:clk_div_inst|tick_cnt[23] ; clkIn                       ; clkIn       ; 0.000        ; 0.041      ; 0.716      ;
; 0.592 ; clk_div:clk_div_inst|tick_cnt[10] ; clk_div:clk_div_inst|tick_cnt[15] ; clkIn                       ; clkIn       ; 0.000        ; 0.041      ; 0.717      ;
; 0.592 ; clk_div:clk_div_inst|tick_cnt[4]  ; clk_div:clk_div_inst|tick_cnt[9]  ; clkIn                       ; clkIn       ; 0.000        ; 0.041      ; 0.717      ;
; 0.592 ; clk_div:clk_div_inst|tick_cnt[24] ; clk_div:clk_div_inst|tick_cnt[29] ; clkIn                       ; clkIn       ; 0.000        ; 0.041      ; 0.717      ;
; 0.593 ; clk_div:clk_div_inst|tick_cnt[14] ; clk_div:clk_div_inst|tick_cnt[14] ; clkIn                       ; clkIn       ; 0.000        ; 0.041      ; 0.718      ;
; 0.593 ; clk_div:clk_div_inst|tick_cnt[12] ; clk_div:clk_div_inst|tick_cnt[17] ; clkIn                       ; clkIn       ; 0.000        ; 0.040      ; 0.717      ;
+-------+-----------------------------------+-----------------------------------+-----------------------------+-------------+--------------+------------+------------+


----------------------------------------------
; Fast 1200mV 0C Model Metastability Summary ;
----------------------------------------------
No synchronizer chains to report.


+-------------------------------------------------------------------------------------------+
; Multicorner Timing Analysis Summary                                                       ;
+------------------------------+---------+-------+----------+---------+---------------------+
; Clock                        ; Setup   ; Hold  ; Recovery ; Removal ; Minimum Pulse Width ;
+------------------------------+---------+-------+----------+---------+---------------------+
; Worst-case Slack             ; -2.718  ; 0.205 ; N/A      ; N/A     ; -3.000              ;
;  clkIn                       ; -2.718  ; 0.293 ; N/A      ; N/A     ; -3.000              ;
;  clk_div:clk_div_inst|clkOut ; 0.093   ; 0.205 ; N/A      ; N/A     ; -1.285              ;
; Design-wide TNS              ; -65.78  ; 0.0   ; 0.0      ; 0.0     ; -50.545             ;
;  clkIn                       ; -65.780 ; 0.000 ; N/A      ; N/A     ; -46.690             ;
;  clk_div:clk_div_inst|clkOut ; 0.000   ; 0.000 ; N/A      ; N/A     ; -3.855              ;
+------------------------------+---------+-------+----------+---------+---------------------+


+------------------------------------------------------------------------------------------------------------------------------------------------------------------------------------------------------------------------------------------------------------------------------------------------------------------------------------------------------------------------------------------------------------------+
; Board Trace Model Assignments                                                                                                                                                                                                                                                                                                                                                                                    ;
+---------------+--------------+-------------------+-------------------------+-------------------------+---------------+---------------------+----------------+------------------+--------+------------------+------------------------+------------------------+--------------+---------------+-----------------+-------+---------------------+--------------------+---------------+-----------------+-------------+
; Pin           ; I/O Standard ; Near Tline Length ; Near Tline L per Length ; Near Tline C per Length ; Near Series R ; Near Differential R ; Near Pull-up R ; Near Pull-down R ; Near C ; Far Tline Length ; Far Tline L per Length ; Far Tline C per Length ; Far Series R ; Far Pull-up R ; Far Pull-down R ; Far C ; Termination Voltage ; Far Differential R ; EBD File Name ; EBD Signal Name ; EBD Far-end ;
+---------------+--------------+-------------------+-------------------------+-------------------------+---------------+---------------------+----------------+------------------+--------+------------------+------------------------+------------------------+--------------+---------------+-----------------+-------+---------------------+--------------------+---------------+-----------------+-------------+
; clkOut        ; 2.5 V        ; 0 in              ; 0 H/in                  ; 0 F/in                  ; short         ; -                   ; open           ; open             ; open   ; 0 in             ; 0 H/in                 ; 0 F/in                 ; short        ; open          ; open            ; open  ; 0 V                 ; -                  ; n/a           ; n/a             ; n/a         ;
; state[0]      ; 2.5 V        ; 0 in              ; 0 H/in                  ; 0 F/in                  ; short         ; -                   ; open           ; open             ; open   ; 0 in             ; 0 H/in                 ; 0 F/in                 ; short        ; open          ; open            ; open  ; 0 V                 ; -                  ; n/a           ; n/a             ; n/a         ;
; state[1]      ; 2.5 V        ; 0 in              ; 0 H/in                  ; 0 F/in                  ; short         ; -                   ; open           ; open             ; open   ; 0 in             ; 0 H/in                 ; 0 F/in                 ; short        ; open          ; open            ; open  ; 0 V                 ; -                  ; n/a           ; n/a             ; n/a         ;
; clkOut2       ; 2.5 V        ; 0 in              ; 0 H/in                  ; 0 F/in                  ; short         ; -                   ; open           ; open             ; open   ; 0 in             ; 0 H/in                 ; 0 F/in                 ; short        ; open          ; open            ; open  ; 0 V                 ; -                  ; n/a           ; n/a             ; n/a         ;
; ~ALTERA_DCLK~ ; 2.5 V        ; 0 in              ; 0 H/in                  ; 0 F/in                  ; short         ; -                   ; open           ; open             ; open   ; 0 in             ; 0 H/in                 ; 0 F/in                 ; short        ; open          ; open            ; open  ; 0 V                 ; -                  ; n/a           ; n/a             ; n/a         ;
; ~ALTERA_nCEO~ ; 2.5 V        ; 0 in              ; 0 H/in                  ; 0 F/in                  ; short         ; -                   ; open           ; open             ; open   ; 0 in             ; 0 H/in                 ; 0 F/in                 ; short        ; open          ; open            ; open  ; 0 V                 ; -                  ; n/a           ; n/a             ; n/a         ;
+---------------+--------------+-------------------+-------------------------+-------------------------+---------------+---------------------+----------------+------------------+--------+------------------+------------------------+------------------------+--------------+---------------+-----------------+-------+---------------------+--------------------+---------------+-----------------+-------------+


+----------------------------------------------------------------------------+
; Input Transition Times                                                     ;
+-------------------------+--------------+-----------------+-----------------+
; Pin                     ; I/O Standard ; 10-90 Rise Time ; 90-10 Fall Time ;
+-------------------------+--------------+-----------------+-----------------+
; in                      ; 2.5 V        ; 2000 ps         ; 2000 ps         ;
; rst_n                   ; 2.5 V        ; 2000 ps         ; 2000 ps         ;
; clkIn                   ; 2.5 V        ; 2000 ps         ; 2000 ps         ;
; ~ALTERA_ASDO_DATA1~     ; 2.5 V        ; 2000 ps         ; 2000 ps         ;
; ~ALTERA_FLASH_nCE_nCSO~ ; 2.5 V        ; 2000 ps         ; 2000 ps         ;
; ~ALTERA_DATA0~          ; 2.5 V        ; 2000 ps         ; 2000 ps         ;
+-------------------------+--------------+-----------------+-----------------+


+--------------------------------------------------------------------------------------------------------------------------------------------------------------------------------------------------------------------------------------------------------------------------------------------------------------------------------------------------------------------------------------------------------------------------------------------------------------------------------------------------------------------------------------------------------------------------------------------------------------------------------------------------------------------------------------------+
; Signal Integrity Metrics (Slow 1200mv 0c Model)                                                                                                                                                                                                                                                                                                                                                                                                                                                                                                                                                                                                                                            ;
+---------------+--------------+---------------------+---------------------+------------------------------+------------------------------+---------------------+---------------------+--------------------------------------+--------------------------------------+-----------------------------+-----------------------------+----------------------------+----------------------------+-----------------------------+-----------------------------+--------------------+--------------------+-------------------------------------+-------------------------------------+----------------------------+----------------------------+---------------------------+---------------------------+
; Pin           ; I/O Standard ; Board Delay on Rise ; Board Delay on Fall ; Steady State Voh at FPGA Pin ; Steady State Vol at FPGA Pin ; Voh Max at FPGA Pin ; Vol Min at FPGA Pin ; Ringback Voltage on Rise at FPGA Pin ; Ringback Voltage on Fall at FPGA Pin ; 10-90 Rise Time at FPGA Pin ; 90-10 Fall Time at FPGA Pin ; Monotonic Rise at FPGA Pin ; Monotonic Fall at FPGA Pin ; Steady State Voh at Far-end ; Steady State Vol at Far-end ; Voh Max at Far-end ; Vol Min at Far-end ; Ringback Voltage on Rise at Far-end ; Ringback Voltage on Fall at Far-end ; 10-90 Rise Time at Far-end ; 90-10 Fall Time at Far-end ; Monotonic Rise at Far-end ; Monotonic Fall at Far-end ;
+---------------+--------------+---------------------+---------------------+------------------------------+------------------------------+---------------------+---------------------+--------------------------------------+--------------------------------------+-----------------------------+-----------------------------+----------------------------+----------------------------+-----------------------------+-----------------------------+--------------------+--------------------+-------------------------------------+-------------------------------------+----------------------------+----------------------------+---------------------------+---------------------------+
; clkOut        ; 2.5 V        ; 0 s                 ; 0 s                 ; 2.32 V                       ; 4.49e-09 V                   ; 2.38 V              ; -0.00552 V          ; 0.096 V                              ; 0.019 V                              ; 4.18e-10 s                  ; 3.59e-10 s                  ; No                         ; Yes                        ; 2.32 V                      ; 4.49e-09 V                  ; 2.38 V             ; -0.00552 V         ; 0.096 V                             ; 0.019 V                             ; 4.18e-10 s                 ; 3.59e-10 s                 ; No                        ; Yes                       ;
; state[0]      ; 2.5 V        ; 0 s                 ; 0 s                 ; 2.32 V                       ; 4.49e-09 V                   ; 2.38 V              ; -0.00552 V          ; 0.096 V                              ; 0.019 V                              ; 4.18e-10 s                  ; 3.59e-10 s                  ; No                         ; Yes                        ; 2.32 V                      ; 4.49e-09 V                  ; 2.38 V             ; -0.00552 V         ; 0.096 V                             ; 0.019 V                             ; 4.18e-10 s                 ; 3.59e-10 s                 ; No                        ; Yes                       ;
; state[1]      ; 2.5 V        ; 0 s                 ; 0 s                 ; 2.32 V                       ; 4.49e-09 V                   ; 2.38 V              ; -0.00552 V          ; 0.096 V                              ; 0.019 V                              ; 4.18e-10 s                  ; 3.59e-10 s                  ; No                         ; Yes                        ; 2.32 V                      ; 4.49e-09 V                  ; 2.38 V             ; -0.00552 V         ; 0.096 V                             ; 0.019 V                             ; 4.18e-10 s                 ; 3.59e-10 s                 ; No                        ; Yes                       ;
; clkOut2       ; 2.5 V        ; 0 s                 ; 0 s                 ; 2.32 V                       ; 4.49e-09 V                   ; 2.38 V              ; -0.00552 V          ; 0.096 V                              ; 0.019 V                              ; 4.18e-10 s                  ; 3.59e-10 s                  ; No                         ; Yes                        ; 2.32 V                      ; 4.49e-09 V                  ; 2.38 V             ; -0.00552 V         ; 0.096 V                             ; 0.019 V                             ; 4.18e-10 s                 ; 3.59e-10 s                 ; No                        ; Yes                       ;
; ~ALTERA_DCLK~ ; 2.5 V        ; 0 s                 ; 0 s                 ; 2.32 V                       ; 2.67e-09 V                   ; 2.38 V              ; -0.0485 V           ; 0.167 V                              ; 0.096 V                              ; 2.95e-10 s                  ; 2.73e-10 s                  ; Yes                        ; Yes                        ; 2.32 V                      ; 2.67e-09 V                  ; 2.38 V             ; -0.0485 V          ; 0.167 V                             ; 0.096 V                             ; 2.95e-10 s                 ; 2.73e-10 s                 ; Yes                       ; Yes                       ;
; ~ALTERA_nCEO~ ; 2.5 V        ; 0 s                 ; 0 s                 ; 2.32 V                       ; 4.18e-09 V                   ; 2.38 V              ; -0.00483 V          ; 0.152 V                              ; 0.012 V                              ; 4.81e-10 s                  ; 6.29e-10 s                  ; Yes                        ; Yes                        ; 2.32 V                      ; 4.18e-09 V                  ; 2.38 V             ; -0.00483 V         ; 0.152 V                             ; 0.012 V                             ; 4.81e-10 s                 ; 6.29e-10 s                 ; Yes                       ; Yes                       ;
+---------------+--------------+---------------------+---------------------+------------------------------+------------------------------+---------------------+---------------------+--------------------------------------+--------------------------------------+-----------------------------+-----------------------------+----------------------------+----------------------------+-----------------------------+-----------------------------+--------------------+--------------------+-------------------------------------+-------------------------------------+----------------------------+----------------------------+---------------------------+---------------------------+


+--------------------------------------------------------------------------------------------------------------------------------------------------------------------------------------------------------------------------------------------------------------------------------------------------------------------------------------------------------------------------------------------------------------------------------------------------------------------------------------------------------------------------------------------------------------------------------------------------------------------------------------------------------------------------------------------+
; Signal Integrity Metrics (Slow 1200mv 85c Model)                                                                                                                                                                                                                                                                                                                                                                                                                                                                                                                                                                                                                                           ;
+---------------+--------------+---------------------+---------------------+------------------------------+------------------------------+---------------------+---------------------+--------------------------------------+--------------------------------------+-----------------------------+-----------------------------+----------------------------+----------------------------+-----------------------------+-----------------------------+--------------------+--------------------+-------------------------------------+-------------------------------------+----------------------------+----------------------------+---------------------------+---------------------------+
; Pin           ; I/O Standard ; Board Delay on Rise ; Board Delay on Fall ; Steady State Voh at FPGA Pin ; Steady State Vol at FPGA Pin ; Voh Max at FPGA Pin ; Vol Min at FPGA Pin ; Ringback Voltage on Rise at FPGA Pin ; Ringback Voltage on Fall at FPGA Pin ; 10-90 Rise Time at FPGA Pin ; 90-10 Fall Time at FPGA Pin ; Monotonic Rise at FPGA Pin ; Monotonic Fall at FPGA Pin ; Steady State Voh at Far-end ; Steady State Vol at Far-end ; Voh Max at Far-end ; Vol Min at Far-end ; Ringback Voltage on Rise at Far-end ; Ringback Voltage on Fall at Far-end ; 10-90 Rise Time at Far-end ; 90-10 Fall Time at Far-end ; Monotonic Rise at Far-end ; Monotonic Fall at Far-end ;
+---------------+--------------+---------------------+---------------------+------------------------------+------------------------------+---------------------+---------------------+--------------------------------------+--------------------------------------+-----------------------------+-----------------------------+----------------------------+----------------------------+-----------------------------+-----------------------------+--------------------+--------------------+-------------------------------------+-------------------------------------+----------------------------+----------------------------+---------------------------+---------------------------+
; clkOut        ; 2.5 V        ; 0 s                 ; 0 s                 ; 2.32 V                       ; 6.92e-07 V                   ; 2.35 V              ; -0.00996 V          ; 0.121 V                              ; 0.03 V                               ; 4.64e-10 s                  ; 4.47e-10 s                  ; Yes                        ; Yes                        ; 2.32 V                      ; 6.92e-07 V                  ; 2.35 V             ; -0.00996 V         ; 0.121 V                             ; 0.03 V                              ; 4.64e-10 s                 ; 4.47e-10 s                 ; Yes                       ; Yes                       ;
; state[0]      ; 2.5 V        ; 0 s                 ; 0 s                 ; 2.32 V                       ; 6.92e-07 V                   ; 2.35 V              ; -0.00996 V          ; 0.121 V                              ; 0.03 V                               ; 4.64e-10 s                  ; 4.47e-10 s                  ; Yes                        ; Yes                        ; 2.32 V                      ; 6.92e-07 V                  ; 2.35 V             ; -0.00996 V         ; 0.121 V                             ; 0.03 V                              ; 4.64e-10 s                 ; 4.47e-10 s                 ; Yes                       ; Yes                       ;
; state[1]      ; 2.5 V        ; 0 s                 ; 0 s                 ; 2.32 V                       ; 6.92e-07 V                   ; 2.35 V              ; -0.00996 V          ; 0.121 V                              ; 0.03 V                               ; 4.64e-10 s                  ; 4.47e-10 s                  ; Yes                        ; Yes                        ; 2.32 V                      ; 6.92e-07 V                  ; 2.35 V             ; -0.00996 V         ; 0.121 V                             ; 0.03 V                              ; 4.64e-10 s                 ; 4.47e-10 s                 ; Yes                       ; Yes                       ;
; clkOut2       ; 2.5 V        ; 0 s                 ; 0 s                 ; 2.32 V                       ; 6.92e-07 V                   ; 2.35 V              ; -0.00996 V          ; 0.121 V                              ; 0.03 V                               ; 4.64e-10 s                  ; 4.47e-10 s                  ; Yes                        ; Yes                        ; 2.32 V                      ; 6.92e-07 V                  ; 2.35 V             ; -0.00996 V         ; 0.121 V                             ; 0.03 V                              ; 4.64e-10 s                 ; 4.47e-10 s                 ; Yes                       ; Yes                       ;
; ~ALTERA_DCLK~ ; 2.5 V        ; 0 s                 ; 0 s                 ; 2.32 V                       ; 3.75e-07 V                   ; 2.35 V              ; -0.0109 V           ; 0.084 V                              ; 0.027 V                              ; 4.31e-10 s                  ; 3.61e-10 s                  ; Yes                        ; Yes                        ; 2.32 V                      ; 3.75e-07 V                  ; 2.35 V             ; -0.0109 V          ; 0.084 V                             ; 0.027 V                             ; 4.31e-10 s                 ; 3.61e-10 s                 ; Yes                       ; Yes                       ;
; ~ALTERA_nCEO~ ; 2.5 V        ; 0 s                 ; 0 s                 ; 2.32 V                       ; 6.15e-07 V                   ; 2.35 V              ; -0.00712 V          ; 0.093 V                              ; 0.02 V                               ; 6.21e-10 s                  ; 7.9e-10 s                   ; Yes                        ; Yes                        ; 2.32 V                      ; 6.15e-07 V                  ; 2.35 V             ; -0.00712 V         ; 0.093 V                             ; 0.02 V                              ; 6.21e-10 s                 ; 7.9e-10 s                  ; Yes                       ; Yes                       ;
+---------------+--------------+---------------------+---------------------+------------------------------+------------------------------+---------------------+---------------------+--------------------------------------+--------------------------------------+-----------------------------+-----------------------------+----------------------------+----------------------------+-----------------------------+-----------------------------+--------------------+--------------------+-------------------------------------+-------------------------------------+----------------------------+----------------------------+---------------------------+---------------------------+


+--------------------------------------------------------------------------------------------------------------------------------------------------------------------------------------------------------------------------------------------------------------------------------------------------------------------------------------------------------------------------------------------------------------------------------------------------------------------------------------------------------------------------------------------------------------------------------------------------------------------------------------------------------------------------------------------+
; Signal Integrity Metrics (Fast 1200mv 0c Model)                                                                                                                                                                                                                                                                                                                                                                                                                                                                                                                                                                                                                                            ;
+---------------+--------------+---------------------+---------------------+------------------------------+------------------------------+---------------------+---------------------+--------------------------------------+--------------------------------------+-----------------------------+-----------------------------+----------------------------+----------------------------+-----------------------------+-----------------------------+--------------------+--------------------+-------------------------------------+-------------------------------------+----------------------------+----------------------------+---------------------------+---------------------------+
; Pin           ; I/O Standard ; Board Delay on Rise ; Board Delay on Fall ; Steady State Voh at FPGA Pin ; Steady State Vol at FPGA Pin ; Voh Max at FPGA Pin ; Vol Min at FPGA Pin ; Ringback Voltage on Rise at FPGA Pin ; Ringback Voltage on Fall at FPGA Pin ; 10-90 Rise Time at FPGA Pin ; 90-10 Fall Time at FPGA Pin ; Monotonic Rise at FPGA Pin ; Monotonic Fall at FPGA Pin ; Steady State Voh at Far-end ; Steady State Vol at Far-end ; Voh Max at Far-end ; Vol Min at Far-end ; Ringback Voltage on Rise at Far-end ; Ringback Voltage on Fall at Far-end ; 10-90 Rise Time at Far-end ; 90-10 Fall Time at Far-end ; Monotonic Rise at Far-end ; Monotonic Fall at Far-end ;
+---------------+--------------+---------------------+---------------------+------------------------------+------------------------------+---------------------+---------------------+--------------------------------------+--------------------------------------+-----------------------------+-----------------------------+----------------------------+----------------------------+-----------------------------+-----------------------------+--------------------+--------------------+-------------------------------------+-------------------------------------+----------------------------+----------------------------+---------------------------+---------------------------+
; clkOut        ; 2.5 V        ; 0 s                 ; 0 s                 ; 2.62 V                       ; 4.05e-08 V                   ; 2.72 V              ; -0.0349 V           ; 0.173 V                              ; 0.1 V                                ; 2.72e-10 s                  ; 2.69e-10 s                  ; Yes                        ; Yes                        ; 2.62 V                      ; 4.05e-08 V                  ; 2.72 V             ; -0.0349 V          ; 0.173 V                             ; 0.1 V                               ; 2.72e-10 s                 ; 2.69e-10 s                 ; Yes                       ; Yes                       ;
; state[0]      ; 2.5 V        ; 0 s                 ; 0 s                 ; 2.62 V                       ; 4.05e-08 V                   ; 2.72 V              ; -0.0349 V           ; 0.173 V                              ; 0.1 V                                ; 2.72e-10 s                  ; 2.69e-10 s                  ; Yes                        ; Yes                        ; 2.62 V                      ; 4.05e-08 V                  ; 2.72 V             ; -0.0349 V          ; 0.173 V                             ; 0.1 V                               ; 2.72e-10 s                 ; 2.69e-10 s                 ; Yes                       ; Yes                       ;
; state[1]      ; 2.5 V        ; 0 s                 ; 0 s                 ; 2.62 V                       ; 4.05e-08 V                   ; 2.72 V              ; -0.0349 V           ; 0.173 V                              ; 0.1 V                                ; 2.72e-10 s                  ; 2.69e-10 s                  ; Yes                        ; Yes                        ; 2.62 V                      ; 4.05e-08 V                  ; 2.72 V             ; -0.0349 V          ; 0.173 V                             ; 0.1 V                               ; 2.72e-10 s                 ; 2.69e-10 s                 ; Yes                       ; Yes                       ;
; clkOut2       ; 2.5 V        ; 0 s                 ; 0 s                 ; 2.62 V                       ; 4.05e-08 V                   ; 2.72 V              ; -0.0349 V           ; 0.173 V                              ; 0.1 V                                ; 2.72e-10 s                  ; 2.69e-10 s                  ; Yes                        ; Yes                        ; 2.62 V                      ; 4.05e-08 V                  ; 2.72 V             ; -0.0349 V          ; 0.173 V                             ; 0.1 V                               ; 2.72e-10 s                 ; 2.69e-10 s                 ; Yes                       ; Yes                       ;
; ~ALTERA_DCLK~ ; 2.5 V        ; 0 s                 ; 0 s                 ; 2.62 V                       ; 2.22e-08 V                   ; 2.74 V              ; -0.06 V             ; 0.158 V                              ; 0.08 V                               ; 2.68e-10 s                  ; 2.19e-10 s                  ; Yes                        ; Yes                        ; 2.62 V                      ; 2.22e-08 V                  ; 2.74 V             ; -0.06 V            ; 0.158 V                             ; 0.08 V                              ; 2.68e-10 s                 ; 2.19e-10 s                 ; Yes                       ; Yes                       ;
; ~ALTERA_nCEO~ ; 2.5 V        ; 0 s                 ; 0 s                 ; 2.62 V                       ; 3.54e-08 V                   ; 2.7 V               ; -0.00943 V          ; 0.276 V                              ; 0.035 V                              ; 3.19e-10 s                  ; 4.99e-10 s                  ; No                         ; Yes                        ; 2.62 V                      ; 3.54e-08 V                  ; 2.7 V              ; -0.00943 V         ; 0.276 V                             ; 0.035 V                             ; 3.19e-10 s                 ; 4.99e-10 s                 ; No                        ; Yes                       ;
+---------------+--------------+---------------------+---------------------+------------------------------+------------------------------+---------------------+---------------------+--------------------------------------+--------------------------------------+-----------------------------+-----------------------------+----------------------------+----------------------------+-----------------------------+-----------------------------+--------------------+--------------------+-------------------------------------+-------------------------------------+----------------------------+----------------------------+---------------------------+---------------------------+


+-------------------------------------------------------------------------------------------------------+
; Setup Transfers                                                                                       ;
+-----------------------------+-----------------------------+----------+----------+----------+----------+
; From Clock                  ; To Clock                    ; RR Paths ; FR Paths ; RF Paths ; FF Paths ;
+-----------------------------+-----------------------------+----------+----------+----------+----------+
; clk_div:clk_div_inst|clkOut ; clk_div:clk_div_inst|clkOut ; 3        ; 0        ; 0        ; 0        ;
; clk_div:clk_div_inst|clkOut ; clkIn                       ; 2        ; 2        ; 0        ; 0        ;
; clkIn                       ; clkIn                       ; 912      ; 0        ; 0        ; 0        ;
+-----------------------------+-----------------------------+----------+----------+----------+----------+
Entries labeled "false path" only account for clock-to-clock false paths and not path-based false paths. As a result, actual path counts may be lower than reported.


+-------------------------------------------------------------------------------------------------------+
; Hold Transfers                                                                                        ;
+-----------------------------+-----------------------------+----------+----------+----------+----------+
; From Clock                  ; To Clock                    ; RR Paths ; FR Paths ; RF Paths ; FF Paths ;
+-----------------------------+-----------------------------+----------+----------+----------+----------+
; clk_div:clk_div_inst|clkOut ; clk_div:clk_div_inst|clkOut ; 3        ; 0        ; 0        ; 0        ;
; clk_div:clk_div_inst|clkOut ; clkIn                       ; 2        ; 2        ; 0        ; 0        ;
; clkIn                       ; clkIn                       ; 912      ; 0        ; 0        ; 0        ;
+-----------------------------+-----------------------------+----------+----------+----------+----------+
Entries labeled "false path" only account for clock-to-clock false paths and not path-based false paths. As a result, actual path counts may be lower than reported.


---------------
; Report TCCS ;
---------------
No dedicated SERDES Transmitter circuitry present in device or used in design


---------------
; Report RSKM ;
---------------
No non-DPA dedicated SERDES Receiver circuitry present in device or used in design


+------------------------------------------------+
; Unconstrained Paths Summary                    ;
+---------------------------------+-------+------+
; Property                        ; Setup ; Hold ;
+---------------------------------+-------+------+
; Illegal Clocks                  ; 0     ; 0    ;
; Unconstrained Clocks            ; 0     ; 0    ;
; Unconstrained Input Ports       ; 2     ; 2    ;
; Unconstrained Input Port Paths  ; 6     ; 6    ;
; Unconstrained Output Ports      ; 3     ; 3    ;
; Unconstrained Output Port Paths ; 5     ; 5    ;
+---------------------------------+-------+------+


+--------------------------------------------------------------------------------+
; Clock Status Summary                                                           ;
+-----------------------------+-----------------------------+------+-------------+
; Target                      ; Clock                       ; Type ; Status      ;
+-----------------------------+-----------------------------+------+-------------+
; clkIn                       ; clkIn                       ; Base ; Constrained ;
; clk_div:clk_div_inst|clkOut ; clk_div:clk_div_inst|clkOut ; Base ; Constrained ;
+-----------------------------+-----------------------------+------+-------------+


+---------------------------------------------------------------------------------------------------+
; Unconstrained Input Ports                                                                         ;
+------------+--------------------------------------------------------------------------------------+
; Input Port ; Comment                                                                              ;
+------------+--------------------------------------------------------------------------------------+
; in         ; No input delay, min/max delays, false-path exceptions, or max skew assignments found ;
; rst_n      ; No input delay, min/max delays, false-path exceptions, or max skew assignments found ;
+------------+--------------------------------------------------------------------------------------+


+-----------------------------------------------------------------------------------------------------+
; Unconstrained Output Ports                                                                          ;
+-------------+---------------------------------------------------------------------------------------+
; Output Port ; Comment                                                                               ;
+-------------+---------------------------------------------------------------------------------------+
; clkOut2     ; No output delay, min/max delays, false-path exceptions, or max skew assignments found ;
; state[0]    ; No output delay, min/max delays, false-path exceptions, or max skew assignments found ;
; state[1]    ; No output delay, min/max delays, false-path exceptions, or max skew assignments found ;
+-------------+---------------------------------------------------------------------------------------+


+---------------------------------------------------------------------------------------------------+
; Unconstrained Input Ports                                                                         ;
+------------+--------------------------------------------------------------------------------------+
; Input Port ; Comment                                                                              ;
+------------+--------------------------------------------------------------------------------------+
; in         ; No input delay, min/max delays, false-path exceptions, or max skew assignments found ;
; rst_n      ; No input delay, min/max delays, false-path exceptions, or max skew assignments found ;
+------------+--------------------------------------------------------------------------------------+


+-----------------------------------------------------------------------------------------------------+
; Unconstrained Output Ports                                                                          ;
+-------------+---------------------------------------------------------------------------------------+
; Output Port ; Comment                                                                               ;
+-------------+---------------------------------------------------------------------------------------+
; clkOut2     ; No output delay, min/max delays, false-path exceptions, or max skew assignments found ;
; state[0]    ; No output delay, min/max delays, false-path exceptions, or max skew assignments found ;
; state[1]    ; No output delay, min/max delays, false-path exceptions, or max skew assignments found ;
+-------------+---------------------------------------------------------------------------------------+


+--------------------------+
; Timing Analyzer Messages ;
+--------------------------+
Info: *******************************************************************
Info: Running Quartus Prime Timing Analyzer
    Info: Version 25.1std.0 Build 1129 10/21/2025 SC Lite Edition
    Info: Processing started: Tue Apr  7 11:13:16 2026
Info: Command: quartus_sta seq_101 -c seq_101
Info: qsta_default_script.tcl version: #1
Warning (18236): Number of processors has not been specified which may cause overloading on shared machines.  Set the global assignment NUM_PARALLEL_PROCESSORS in your QSF to an appropriate value for best performance.
Info (20030): Parallel compilation is enabled and will use 4 of the 4 processors detected
Info (21077): Low junction temperature is 0 degrees C
Info (21077): High junction temperature is 85 degrees C
Critical Warning (332012): Synopsys Design Constraints File file not found: 'seq_101.sdc'. A Synopsys Design Constraints File is required by the Timing Analyzer to get proper timing constraints. Without it, the Compiler will not properly optimize the design.
Info (332142): No user constrained base clocks found in the design. Calling "derive_clocks -period 1.0"
Info (332105): Deriving Clocks
    Info (332105): create_clock -period 1.000 -name clkIn clkIn
    Info (332105): create_clock -period 1.000 -name clk_div:clk_div_inst|clkOut clk_div:clk_div_inst|clkOut
Info (332143): No user constrained clock uncertainty found in the design. Calling "derive_clock_uncertainty"
Info (332123): Deriving Clock Uncertainty. Please refer to report_sdc in the Timing Analyzer to see clock uncertainties.
Info: Found TIMING_ANALYZER_REPORT_SCRIPT_INCLUDE_DEFAULT_ANALYSIS = ON
Info: Analyzing Slow 1200mV 85C Model
Critical Warning (332148): Timing requirements not met
    Info (11105): For recommendations on closing timing, run Report Timing Closure Recommendations in the Timing Analyzer.
Info (332146): Worst-case setup slack is -2.718
    Info (332119):     Slack       End Point TNS Clock 
    Info (332119): ========= =================== =====================
    Info (332119):    -2.718             -65.780 clkIn 
    Info (332119):     0.093               0.000 clk_div:clk_div_inst|clkOut 
Info (332146): Worst-case hold slack is 0.444
    Info (332119):     Slack       End Point TNS Clock 
    Info (332119): ========= =================== =====================
    Info (332119):     0.444               0.000 clk_div:clk_div_inst|clkOut 
    Info (332119):     0.640               0.000 clkIn 
Info (332140): No Recovery paths to report
Info (332140): No Removal paths to report
Info (332146): Worst-case minimum pulse width slack is -3.000
    Info (332119):     Slack       End Point TNS Clock 
    Info (332119): ========= =================== =====================
    Info (332119):    -3.000             -46.690 clkIn 
    Info (332119):    -1.285              -3.855 clk_div:clk_div_inst|clkOut 
Info: Analyzing Slow 1200mV 0C Model
Info (334003): Started post-fitting delay annotation
Info (334004): Delay annotation completed successfully
Info (332123): Deriving Clock Uncertainty. Please refer to report_sdc in the Timing Analyzer to see clock uncertainties.
Critical Warning (332148): Timing requirements not met
    Info (11105): For recommendations on closing timing, run Report Timing Closure Recommendations in the Timing Analyzer.
Info (332146): Worst-case setup slack is -2.344
    Info (332119):     Slack       End Point TNS Clock 
    Info (332119): ========= =================== =====================
    Info (332119):    -2.344             -55.424 clkIn 
    Info (332119):     0.181               0.000 clk_div:clk_div_inst|clkOut 
Info (332146): Worst-case hold slack is 0.401
    Info (332119):     Slack       End Point TNS Clock 
    Info (332119): ========= =================== =====================
    Info (332119):     0.401               0.000 clk_div:clk_div_inst|clkOut 
    Info (332119):     0.585               0.000 clkIn 
Info (332140): No Recovery paths to report
Info (332140): No Removal paths to report
Info (332146): Worst-case minimum pulse width slack is -3.000
    Info (332119):     Slack       End Point TNS Clock 
    Info (332119): ========= =================== =====================
    Info (332119):    -3.000             -46.690 clkIn 
    Info (332119):    -1.285              -3.855 clk_div:clk_div_inst|clkOut 
Info: Analyzing Fast 1200mV 0C Model
Info (332123): Deriving Clock Uncertainty. Please refer to report_sdc in the Timing Analyzer to see clock uncertainties.
Critical Warning (332148): Timing requirements not met
    Info (11105): For recommendations on closing timing, run Report Timing Closure Recommendations in the Timing Analyzer.
Info (332146): Worst-case setup slack is -0.845
    Info (332119):     Slack       End Point TNS Clock 
    Info (332119): ========= =================== =====================
    Info (332119):    -0.845             -16.328 clkIn 
    Info (332119):     0.553               0.000 clk_div:clk_div_inst|clkOut 
Info (332146): Worst-case hold slack is 0.205
    Info (332119):     Slack       End Point TNS Clock 
    Info (332119): ========= =================== =====================
    Info (332119):     0.205               0.000 clk_div:clk_div_inst|clkOut 
    Info (332119):     0.293               0.000 clkIn 
Info (332140): No Recovery paths to report
Info (332140): No Removal paths to report
Info (332146): Worst-case minimum pulse width slack is -3.000
    Info (332119):     Slack       End Point TNS Clock 
    Info (332119): ========= =================== =====================
    Info (332119):    -3.000             -39.201 clkIn 
    Info (332119):    -1.000              -3.000 clk_div:clk_div_inst|clkOut 
Info (332102): Design is not fully constrained for setup requirements
Info (332102): Design is not fully constrained for hold requirements
Info: Quartus Prime Timing Analyzer was successful. 0 errors, 5 warnings
    Info: Peak virtual memory: 4866 megabytes
    Info: Processing ended: Tue Apr  7 11:13:17 2026
    Info: Elapsed time: 00:00:01
    Info: Total CPU time (on all processors): 00:00:01


